image,labels
8f784d61708e6e33.jpg,scab frog_eye_leaf_spot
ac6ccdc19eb0b09b.jpg,scab frog_eye_leaf_spot complex
a845d1e5d2f175d0.jpg,scab complex
aaae9592aa5b5a83.jpg,scab frog_eye_leaf_spot complex
a3ec12d7ca2a07b5.jpg,scab frog_eye_leaf_spot complex
92c35acb4dc5eac4.jpg,scab frog_eye_leaf_spot complex
92da3fc9e12265e2.jpg,scab frog_eye_leaf_spot complex
92ed68e5833bd831.jpg,scab
92fc63e5931f108e.jpg,scab frog_eye_leaf_spot complex
93ada7da8c9c905a.jpg,scab rust complex
93af6f802c847ec6.jpg,frog_eye_leaf_spot complex
93b5a90abc1e4ca7.jpg,scab rust frog_eye_leaf_spot complex
93bd7cc46464f511.jpg,scab frog_eye_leaf_spot complex
93fc9412a57a4d65.jpg,frog_eye_leaf_spot complex
94b1c98cbc2fa536.jpg,frog_eye_leaf_spot complex
94b42695f24dad36.jpg,scab frog_eye_leaf_spot
94c83b2d5fad6924.jpg,scab rust
94c86f554fbe6901.jpg,frog_eye_leaf_spot complex
8fc0349fc7e3a423.jpg,scab frog_eye_leaf_spot complex
8fe8be8196599169.jpg,scab frog_eye_leaf_spot complex
8fe8d03c12b76fc0.jpg,frog_eye_leaf_spot powdery_mildew complex
8fe052170f4385fd.jpg,frog_eye_leaf_spot complex
8feed8d130af2258.jpg,frog_eye_leaf_spot
9a848f99794b5396.jpg,rust frog_eye_leaf_spot complex
9aa70dba24b96369.jpg,frog_eye_leaf_spot complex
9ab163cf54c12dac.jpg,scab frog_eye_leaf_spot complex
9ad0614f1f1d2e3a.jpg,scab frog_eye_leaf_spot complex
9ada65c5b0cc9a3c.jpg,scab rust
9af86cc0e38dd156.jpg,scab complex
9ba46bcc98ac592e.jpg,frog_eye_leaf_spot powdery_mildew complex
9bb3c4850ccf3e64.jpg,scab complex
9bba23906bb0b678.jpg,scab frog_eye_leaf_spot complex
9be1c58a1ab5614f.jpg,scab frog_eye_leaf_spot complex
9be4e943b1999a19.jpg,rust complex
9becf8e0308dca1e.jpg,scab frog_eye_leaf_spot complex
9bf4cc56e08674c6.jpg,scab frog_eye_leaf_spot complex
9bf4912019873dcf.jpg,scab frog_eye_leaf_spot complex
9c1c37d24bd8348f.jpg,scab frog_eye_leaf_spot complex
9c9e9acc643243eb.jpg,frog_eye_leaf_spot complex
9c968ac989ed332e.jpg,scab complex
9ccf643b1d42e19c.jpg,scab frog_eye_leaf_spot complex
9d4c3612c3cb665b.jpg,scab frog_eye_leaf_spot complex
9d6e997acc886586.jpg,frog_eye_leaf_spot complex
9d955aa2a555a8e9.jpg,scab frog_eye_leaf_spot complex
9d2580ddd91d0fb1.jpg,scab frog_eye_leaf_spot complex
9d3065c3d60e23de.jpg,scab frog_eye_leaf_spot complex
9dc29b60f3f42293.jpg,scab frog_eye_leaf_spot complex
9dc46acea23e3c29.jpg,scab frog_eye_leaf_spot complex
9df9f477843c1640.jpg,scab complex
9e0ee52e2094f0f7.jpg,scab frog_eye_leaf_spot complex
9e8ccf9a6c39a521.jpg,rust frog_eye_leaf_spot complex
9e8ccf32f5425c85.jpg,frog_eye_leaf_spot complex
9e8fc81ba5b8ce22.jpg,scab rust complex
9e31c0cbdc54d4b5.jpg,scab rust frog_eye_leaf_spot complex
9e0324f705fc03db.jpg,scab complex
9eb2ecd9c5c1a306.jpg,frog_eye_leaf_spot powdery_mildew complex
9eb188d3822f627e.jpg,scab frog_eye_leaf_spot complex
9ed4be8a9fb0aa40.jpg,scab frog_eye_leaf_spot complex
9ee1847585aceba4.jpg,scab frog_eye_leaf_spot complex
9f0d920dc46cc36f.jpg,scab frog_eye_leaf_spot complex
9f8e61371a3d3550.jpg,scab frog_eye_leaf_spot complex
9f2438e68986dd96.jpg,scab frog_eye_leaf_spot complex
9f9991372aa97321.jpg,scab frog_eye_leaf_spot complex
9fa089cb938bc175.jpg,frog_eye_leaf_spot complex
9fa164c3e14ca79c.jpg,frog_eye_leaf_spot complex
9fa216cff54a0a54.jpg,scab complex
9fba239e1b31c149.jpg,frog_eye_leaf_spot complex
9fbd098b6d0543a5.jpg,scab frog_eye_leaf_spot complex
9fce8f6621b0f890.jpg,rust complex
9fd182cb83257d2a.jpg,scab frog_eye_leaf_spot complex
80a9db3783f16366.jpg,frog_eye_leaf_spot complex
80a63b53ff0b0bb1.jpg,scab rust complex
80afa0c630faab7d.jpg,scab rust complex
80b6bbe5c17f098a.jpg,scab frog_eye_leaf_spot complex
80bc2cd4f322babe.jpg,frog_eye_leaf_spot complex
80cfef794308bf18.jpg,rust complex
80d32f977a83d0ea.jpg,scab complex
80d457877e3d1cb8.jpg,scab frog_eye_leaf_spot complex
80df68fa0c30fd95.jpg,scab frog_eye_leaf_spot complex
80ee3116d267bae3.jpg,scab frog_eye_leaf_spot complex
80fac59d5be8a0e5.jpg,scab frog_eye_leaf_spot complex
81a1ca9c95b9d9d9.jpg,frog_eye_leaf_spot complex
81a631b35d2730fb.jpg,scab complex
81ad1d4bed8b20fa.jpg,scab rust complex
81de7a236437974a.jpg,scab frog_eye_leaf_spot complex
81e298f1dd872537.jpg,frog_eye_leaf_spot complex
81fc34b140c5fb73.jpg,scab frog_eye_leaf_spot complex
81fe9b4574382c3e.jpg,scab frog_eye_leaf_spot complex
81ff35908a9ecf81.jpg,frog_eye_leaf_spot complex
82b4b4c47c2e92bf.jpg,frog_eye_leaf_spot complex
82c68b8f671a9ed2.jpg,scab frog_eye_leaf_spot complex
82c8749539643fee.jpg,scab frog_eye_leaf_spot complex
82d0dd9cb978e558.jpg,scab frog_eye_leaf_spot complex
8a1ef092b3b6a6d2.jpg,scab frog_eye_leaf_spot complex
8a783d2e364a9ccd.jpg,scab frog_eye_leaf_spot complex
8a16276936ea7aca.jpg,frog_eye_leaf_spot complex
8aa2c8cb981bfa3b.jpg,frog_eye_leaf_spot complex
8aaa6b1bf049fca8.jpg,frog_eye_leaf_spot complex
8aad6dcbada40e1c.jpg,scab frog_eye_leaf_spot complex
8acce5ad262e3a78.jpg,scab frog_eye_leaf_spot complex
8ad5953859e948d7.jpg,scab complex
8adac3dc9f820d0f.jpg,scab complex
8ae266ce964689bb.jpg,scab frog_eye_leaf_spot complex
8afa9687aab53506.jpg,scab frog_eye_leaf_spot complex
8b0c607c9322dbfb.jpg,scab frog_eye_leaf_spot complex
8b4f631bd3d89283.jpg,complex
8b70c0f2cbdba58a.jpg,frog_eye_leaf_spot complex
8ba41fa073c0f2af.jpg,scab complex
8ba9299cb0bd2bd8.jpg,frog_eye_leaf_spot complex
8bc6b07f365e4318.jpg,frog_eye_leaf_spot complex
8bef10f40efa0a59.jpg,frog_eye_leaf_spot complex
8bf8c5a58847956e.jpg,scab rust complex
8c9eda58a1ead48d.jpg,frog_eye_leaf_spot complex
8ca5a13c3653aee3.jpg,scab frog_eye_leaf_spot complex
8caf839b19786aa6.jpg,scab frog_eye_leaf_spot complex
8cc32cc7f82f81f8.jpg,scab complex
8cd6ec1e7621e30b.jpg,frog_eye_leaf_spot complex
8cf1f6de564e1508.jpg,frog_eye_leaf_spot complex
8cf29e139cb1d532.jpg,scab frog_eye_leaf_spot complex
8cfcc02dcf278de0.jpg,frog_eye_leaf_spot complex
8d1a6772727115d3.jpg,scab frog_eye_leaf_spot complex
8d1b96903c576b35.jpg,frog_eye_leaf_spot complex
8d3d38c4f30c4f99.jpg,powdery_mildew complex
8d4abaa199759c6a.jpg,scab rust complex
8d5af4a1b346b0e5.jpg,scab rust complex
8d6b942ed235ca35.jpg,scab frog_eye_leaf_spot complex
8d98efc88aa54567.jpg,scab frog_eye_leaf_spot
8d873cc2143dfb1c.jpg,scab frog_eye_leaf_spot complex
8d5032d4cc1e3e5f.jpg,scab rust
8d7738de63c21638.jpg,scab complex
8db66ec9883c8d71.jpg,scab frog_eye_leaf_spot complex
8de4948fd9ed3805.jpg,scab frog_eye_leaf_spot complex
8e83dac669f0347a.jpg,scab frog_eye_leaf_spot complex
8e8364d9964b6af4.jpg,scab frog_eye_leaf_spot complex
8ec7e5321f0b48ae.jpg,scab complex
8eea38f671078695.jpg,scab complex
8f2cf0dd844cae4b.jpg,complex
8f8fe24b80e21cb7.jpg,scab frog_eye_leaf_spot complex
8f42b47a59c4e9cc.jpg,scab frog_eye_leaf_spot complex
e51690d8ad307dcb.jpg,rust complex
e4509653998acbe7.jpg,scab frog_eye_leaf_spot complex
efc074d79efd0020.jpg,scab frog_eye_leaf_spot complex
f90738a0d2f2c1db.jpg,rust frog_eye_leaf_spot complex
ab95f493d238d119.jpg,scab frog_eye_leaf_spot complex
aba097c8e5ccd9c4.jpg,scab frog_eye_leaf_spot complex
abda85519ea31a2d.jpg,rust complex
abda897069356696.jpg,frog_eye_leaf_spot complex
ac1b94bc881287ff.jpg,scab frog_eye_leaf_spot complex
ac909f1b4e867e46.jpg,scab frog_eye_leaf_spot powdery_mildew complex
acc2c6adc9a8aee8.jpg,scab frog_eye_leaf_spot complex
acf0d96d97c39904.jpg,frog_eye_leaf_spot complex
acf89cc5d5a5029d.jpg,frog_eye_leaf_spot complex
ad0eda613e86399a.jpg,rust complex
ad5ac0c1c5e96735.jpg,scab frog_eye_leaf_spot complex
ad9d954bc0655276.jpg,scab frog_eye_leaf_spot complex
ad9f929d8b08cda2.jpg,scab frog_eye_leaf_spot complex
ad42c4899ef1f0d3.jpg,rust complex
ad64f0858e9e74e1.jpg,scab frog_eye_leaf_spot complex
ad70d7c0692f90e3.jpg,scab frog_eye_leaf_spot complex
ad92c9e53ab208fc.jpg,scab frog_eye_leaf_spot complex
ad93f5c1d26d48a4.jpg,scab frog_eye_leaf_spot complex
ad99cf603bac421e.jpg,rust
ad909a4ac1ede4ad.jpg,scab frog_eye_leaf_spot complex
ad5252524be6aca7.jpg,scab frog_eye_leaf_spot complex
ada289cbce9a6649.jpg,frog_eye_leaf_spot complex
ada395c75ad65212.jpg,scab complex
adce1acf885c7514.jpg,scab frog_eye_leaf_spot complex
add6d0e8ea8b688a.jpg,frog_eye_leaf_spot complex
add8f582da685345.jpg,scab rust frog_eye_leaf_spot complex
ade010c53f15f794.jpg,scab frog_eye_leaf_spot complex
ade96abb10749570.jpg,scab frog_eye_leaf_spot complex
adfd80cbd24dca44.jpg,scab frog_eye_leaf_spot complex
ae8ad28eda721e38.jpg,frog_eye_leaf_spot complex
ae8f122069711fb7.jpg,frog_eye_leaf_spot complex
ae83b6d50dca0c6d.jpg,frog_eye_leaf_spot complex
ae949c54c55b3d23.jpg,rust complex
ae5074cfc9183763.jpg,rust frog_eye_leaf_spot complex
ae30337a42346ff2.jpg,scab rust frog_eye_leaf_spot complex
aebfd6b942209643.jpg,frog_eye_leaf_spot complex
aec0dab7641fb40c.jpg,scab frog_eye_leaf_spot complex
aec2f4c91fb42970.jpg,scab frog_eye_leaf_spot powdery_mildew complex
aec7d49a1a4a6b25.jpg,scab frog_eye_leaf_spot complex
af8d425715a535c5.jpg,scab frog_eye_leaf_spot complex
af9f979948682174.jpg,scab frog_eye_leaf_spot complex
af40f7ecc368c245.jpg,rust complex
af95f487909e91b0.jpg,complex
af6292db1b611d98.jpg,scab frog_eye_leaf_spot complex
af8314d0af2a7d29.jpg,frog_eye_leaf_spot complex
afa0d4fc8a7aec20.jpg,scab rust
afa14eda1e3a3c50.jpg,scab frog_eye_leaf_spot complex
afa1159ace687174.jpg,scab complex
afb7f05e80f4032a.jpg,complex
afc5f08512573b4a.jpg,scab frog_eye_leaf_spot complex
afc035817c09cfab.jpg,scab complex
afc291991944ef65.jpg,scab frog_eye_leaf_spot complex
afd0d07a9c6d504e.jpg,scab complex
afe0c59036567467.jpg,frog_eye_leaf_spot powdery_mildew complex
afe8e0a0e7d70a91.jpg,scab frog_eye_leaf_spot complex
afe08e4bc47078b5.jpg,scab frog_eye_leaf_spot complex
aff836de2150912d.jpg,scab frog_eye_leaf_spot complex
affc5b4c88762990.jpg,scab frog_eye_leaf_spot complex
b0bfc17539984e86.jpg,scab frog_eye_leaf_spot complex
b0c0d4943de3676e.jpg,scab frog_eye_leaf_spot complex
b0c1fd514cbb8c35.jpg,scab frog_eye_leaf_spot complex
b0c5cfa5ad23445e.jpg,scab frog_eye_leaf_spot complex
b0c9d2b06da6f46c.jpg,frog_eye_leaf_spot
b0c297949e9cc9bc.jpg,scab frog_eye_leaf_spot complex
b0cdd97259636742.jpg,scab rust frog_eye_leaf_spot complex
b0dfa7548cda0dd0.jpg,frog_eye_leaf_spot
b0e0cf9f9e98e188.jpg,scab frog_eye_leaf_spot complex
b0e3cd986d986387.jpg,scab frog_eye_leaf_spot complex
b0e78f883a1cd14f.jpg,scab rust complex
b0f4c0c96111ef9f.jpg,scab frog_eye_leaf_spot complex
b0f4e1d0db1a252f.jpg,scab frog_eye_leaf_spot
b0face830d25e1e5.jpg,scab frog_eye_leaf_spot complex
a77c35e0f885c03b.jpg,scab frog_eye_leaf_spot complex
a78cd5b6d09f01aa.jpg,scab frog_eye_leaf_spot complex
a082cbfccd78366a.jpg,frog_eye_leaf_spot complex
a83e9dcc4de8b01b.jpg,scab frog_eye_leaf_spot complex
a83e56d51eda604d.jpg,scab frog_eye_leaf_spot complex
a84fd0d589b026ef.jpg,scab rust
a86b94b512f16793.jpg,scab frog_eye_leaf_spot complex
a86d9d1f99b04a96.jpg,scab complex
a86f5ad238666dc2.jpg,scab frog_eye_leaf_spot complex
a96ad6979a939194.jpg,scab frog_eye_leaf_spot complex
a161c1cdcbd684bb.jpg,scab frog_eye_leaf_spot complex
a171e2db3ac39893.jpg,rust
a191cbc9ddac644e.jpg,scab frog_eye_leaf_spot complex
a282d7b4683527bd.jpg,frog_eye_leaf_spot complex
a295c76ace225ccb.jpg,scab complex
a368d1a44fda36d2.jpg,scab frog_eye_leaf_spot complex
a411c99f0dd9ed43.jpg,scab frog_eye_leaf_spot complex
a422f6f6f12b4169.jpg,scab frog_eye_leaf_spot complex
a451cb96170dd62f.jpg,frog_eye_leaf_spot complex
a0455f1334e5dec6.jpg,frog_eye_leaf_spot complex
a462caa19ecd9af8.jpg,complex
a484c39f9fd861d8.jpg,frog_eye_leaf_spot complex
a490e28f9b72656d.jpg,frog_eye_leaf_spot powdery_mildew complex
a501cbd8bd497366.jpg,scab complex
a564c234e5cd3e4d.jpg,frog_eye_leaf_spot complex
a576eb7d8a255850.jpg,scab rust frog_eye_leaf_spot complex
a581c59e9ed9cd88.jpg,frog_eye_leaf_spot complex
a585c19e14f895de.jpg,scab frog_eye_leaf_spot complex
a696c069e7a1da69.jpg,scab frog_eye_leaf_spot complex
a763bf621d544718.jpg,scab complex
a785c29f0edcdc30.jpg,scab complex
a846c2c24bc6dbdd.jpg,scab frog_eye_leaf_spot complex
a870b5a58e9765d2.jpg,scab complex
a0878e5e89c11fdb.jpg,frog_eye_leaf_spot complex
a880db976aae7a54.jpg,frog_eye_leaf_spot complex
a897c1eb48b65ba8.jpg,scab frog_eye_leaf_spot complex
a984d78737f6904a.jpg,scab complex
a0989e0b676b31fc.jpg,frog_eye_leaf_spot complex
a996ccbb8455e385.jpg,scab
a1959cc092a3fb73.jpg,scab complex
a2959e7e97724162.jpg,scab frog_eye_leaf_spot complex
a4829bcdef14c617.jpg,scab complex
a5030e3ec1ced9ec.jpg,scab frog_eye_leaf_spot complex
a5879fdad880eca8.jpg,scab complex
a48412dc6d38bbf9.jpg,scab frog_eye_leaf_spot complex
a56292dadb618d95.jpg,scab frog_eye_leaf_spot complex
a64618bfbc6ad514.jpg,rust complex
a87191cbc14f6bb4.jpg,rust complex
a99471cdb22da5e2.jpg,scab frog_eye_leaf_spot complex
a192929bdbc9db90.jpg,scab complex
a260594d5896b7f9.jpg,scab complex
a896927c68b5c1be.jpg,scab frog_eye_leaf_spot complex
a2131921fd7f7f00.jpg,scab frog_eye_leaf_spot complex
aa6f82e81f403d1f.jpg,scab complex
aa26af1e954a94dc.jpg,scab complex
aa35cbb2a54b62a5.jpg,rust complex
aa66d29c6997629a.jpg,frog_eye_leaf_spot complex
aa85c07ac7f14dc3.jpg,frog_eye_leaf_spot complex
aa91d21a93664fcd.jpg,frog_eye_leaf_spot complex
aab096b7030ae3f9.jpg,scab rust complex
aacb911bc8e86ea5.jpg,scab powdery_mildew complex
aada42daa86eba26.jpg,scab frog_eye_leaf_spot complex
aae681d53d38258f.jpg,rust complex
aaeac6c1cdab0a9a.jpg,complex
aaebb2c1c12a0fc7.jpg,rust complex
aaecf21252830bfb.jpg,scab frog_eye_leaf_spot complex
aaf45b4d5165ac58.jpg,frog_eye_leaf_spot complex
ab1aba9145358b5b.jpg,scab rust frog_eye_leaf_spot complex
ab03c135c7a5ad35.jpg,frog_eye_leaf_spot complex
ab54af5a9c2a5872.jpg,scab rust
a03f995a9b884f9c.jpg,scab frog_eye_leaf_spot complex
a03fc0e53f021bfc.jpg,scab frog_eye_leaf_spot powdery_mildew complex
a4a0b4d39747db43.jpg,scab complex
a4a42f96938f4b5c.jpg,scab frog_eye_leaf_spot complex
a4bc82687ab61f4b.jpg,rust complex
a4d1cecd9838b273.jpg,scab frog_eye_leaf_spot complex
a4d2ca9e7d9c61a4.jpg,complex
a4d3db4f87628525.jpg,scab frog_eye_leaf_spot complex
a4d561c79a8abaa5.jpg,scab frog_eye_leaf_spot complex
a5a5cb9c1c597721.jpg,frog_eye_leaf_spot complex
a5a6b2d86d3417e2.jpg,scab rust complex
a5a39117d90e593d.jpg,frog_eye_leaf_spot complex
a5b2da4bc9cc6cd0.jpg,frog_eye_leaf_spot complex
a5b297ca66370b19.jpg,scab frog_eye_leaf_spot complex
a5c8844f67335b69.jpg,scab frog_eye_leaf_spot complex
a5c08583969b7af9.jpg,scab frog_eye_leaf_spot complex
a5cc3bc68db94478.jpg,scab frog_eye_leaf_spot complex
a5ce9f9c808fd494.jpg,scab frog_eye_leaf_spot complex
a5d09a8f0d6e368b.jpg,scab frog_eye_leaf_spot complex
a5de520f52ac9355.jpg,scab frog_eye_leaf_spot complex
a5e996287cf72415.jpg,scab frog_eye_leaf_spot powdery_mildew complex
a5ea56d35a0f5550.jpg,frog_eye_leaf_spot complex
a5f3d2e58a568e50.jpg,scab complex
a5f9cd281e1934ea.jpg,scab frog_eye_leaf_spot complex
a06ab4a19f9d9959.jpg,scab complex
a6cbd2875844eb8d.jpg,scab rust complex
a7b2da2f66b04866.jpg,scab frog_eye_leaf_spot complex
a7b0921acf317ce1.jpg,frog_eye_leaf_spot powdery_mildew complex
a7b6368989d9544d.jpg,scab frog_eye_leaf_spot complex
a7bd1e197065a2c6.jpg,scab frog_eye_leaf_spot complex
a07c8d85566667ab.jpg,scab frog_eye_leaf_spot complex
a8ae9fe098991a79.jpg,frog_eye_leaf_spot complex
a8b3d4fa4a4b0575.jpg,rust complex
a8b076d41bdc31e6.jpg,scab rust
a8b7854bcf25d02e.jpg,frog_eye_leaf_spot complex
a8c3d085c89e9ff8.jpg,scab frog_eye_leaf_spot complex
a8c397ed0aa55da4.jpg,rust complex
a8c27797c349c8e6.jpg,scab complex
a8c195933f2f854d.jpg,scab complex
a8dad5a59ab061ea.jpg,scab frog_eye_leaf_spot complex
a8e1c6d71de86907.jpg,scab frog_eye_leaf_spot complex
a8eb95c7d85e482a.jpg,scab complex
a8f1950e33aacb65.jpg,rust complex
a9b9a1f4c9505f83.jpg,frog_eye_leaf_spot complex
a9b53c0b016de9ec.jpg,scab rust complex
a9b116c36b47e307.jpg,scab rust complex
a9b711a0536eeb29.jpg,scab complex
a9be41c0964f8b5e.jpg,scab frog_eye_leaf_spot complex
a9be83c26a4e9587.jpg,scab rust complex
a9d101a96f6e261f.jpg,scab frog_eye_leaf_spot complex
a9d495c0c9cd5db4.jpg,frog_eye_leaf_spot complex
a9d295950ee25a3b.jpg,complex
a9e0c5d79494de98.jpg,scab frog_eye_leaf_spot complex
a9e1cd8d8795e189.jpg,complex
a09e6ac0607df5f1.jpg,scab frog_eye_leaf_spot complex
a9e4262e5db77482.jpg,complex
a9f191cb41345fb8.jpg,scab complex
a9f1910b7e6c12b6.jpg,complex
a16df491eac29cc9.jpg,scab frog_eye_leaf_spot complex
a19d9bc86927a83e.jpg,scab frog_eye_leaf_spot complex
a27ec2811c3f3e1e.jpg,scab powdery_mildew complex
a36ecbe53c81a40f.jpg,rust
a041c7ad9ab4dbd2.jpg,frog_eye_leaf_spot complex
a48c97d6b0933af1.jpg,scab frog_eye_leaf_spot complex
a48edf780f470f42.jpg,scab rust frog_eye_leaf_spot complex
a50c9ddf38e43361.jpg,frog_eye_leaf_spot complex
a52bdfd2504b0cbc.jpg,scab complex
a52e958588da3b3d.jpg,frog_eye_leaf_spot complex
a54ad27f0c7f90a2.jpg,scab frog_eye_leaf_spot complex
a57b9b50dd12c239.jpg,scab frog_eye_leaf_spot complex
a71f2fcc4b14266c.jpg,complex
a076da6fa6ca06e4.jpg,scab frog_eye_leaf_spot complex
9090b5d5aba53cd3.jpg,scab frog_eye_leaf_spot complex
9560eaccc18fbb98.jpg,scab frog_eye_leaf_spot complex
9585da92b9b9495a.jpg,frog_eye_leaf_spot complex
9588e71ccbba934c.jpg,scab complex
9626ced01b3366cd.jpg,frog_eye_leaf_spot complex
9658c666c5476d4d.jpg,frog_eye_leaf_spot complex
9741d1999fa06b47.jpg,frog_eye_leaf_spot complex
9798aeb1f072a7a0.jpg,scab frog_eye_leaf_spot complex
9989e1270d97b497.jpg,rust
81562be0a93f55f4.jpg,scab rust complex
82923f3ad03ab4f6.jpg,scab complex
85517e75c3b21ea4.jpg,scab frog_eye_leaf_spot complex
85627f54c22dd66a.jpg,scab complex
85897ea7f064b26a.jpg,rust frog_eye_leaf_spot complex
86586fbd70cd7881.jpg,rust frog_eye_leaf_spot complex
90403dfe783db658.jpg,scab frog_eye_leaf_spot complex
90859ae05ae1f4df.jpg,scab frog_eye_leaf_spot complex
94303bde667383c3.jpg,scab frog_eye_leaf_spot complex
94934aba435fac69.jpg,frog_eye_leaf_spot complex
95076ec69f783a30.jpg,scab complex
97026ab5b2176957.jpg,scab complex
97958d2c4d390776.jpg,scab frog_eye_leaf_spot complex
802291cee9fec9f4.jpg,scab frog_eye_leaf_spot complex
809106ca5fc7735f.jpg,rust complex
849780fbfb4b2d41.jpg,frog_eye_leaf_spot complex
928524ea9778cb9e.jpg,scab frog_eye_leaf_spot complex
939760c29c3eb5b8.jpg,frog_eye_leaf_spot complex
952971ccf890b7b4.jpg,scab frog_eye_leaf_spot complex
970382f6ae642e97.jpg,scab frog_eye_leaf_spot complex
995262cddbd8e452.jpg,frog_eye_leaf_spot complex
999381af5a507557.jpg,scab rust complex
8054952d7a8bacbf.jpg,scab frog_eye_leaf_spot complex
8189697c4f3fd624.jpg,scab frog_eye_leaf_spot powdery_mildew complex
8222954dabf46ad7.jpg,scab frog_eye_leaf_spot complex
8516724aa1d5fb55.jpg,scab complex
8531977c8e0cf58b.jpg,scab complex
8813470f3a7faa2e.jpg,frog_eye_leaf_spot complex
9016475c31734fdb.jpg,frog_eye_leaf_spot complex
9047682d3d7d3c33.jpg,frog_eye_leaf_spot complex
9734517c93495e63.jpg,scab rust complex
88737462308fe75e.jpg,complex
a0a4db9798b873a9.jpg,frog_eye_leaf_spot complex
a0b2a2daad6553b6.jpg,scab frog_eye_leaf_spot complex
a0b8cdd5d6f94149.jpg,frog_eye_leaf_spot complex
a0b1904bdf25de96.jpg,powdery_mildew complex
a0b29297da5db265.jpg,rust frog_eye_leaf_spot complex
a0bdd5846289f5da.jpg,scab complex
a0bfd2cdc9f40436.jpg,scab frog_eye_leaf_spot complex
a0c6cfdd98f0407d.jpg,scab frog_eye_leaf_spot complex
a0c49fd02b373772.jpg,frog_eye_leaf_spot complex
a0c887fd98316d37.jpg,scab frog_eye_leaf_spot complex
a0d2c0edc636563f.jpg,scab complex
a0d79b991b79a0b8.jpg,
a0dfc03dc63a1e4e.jpg,scab frog_eye_leaf_spot complex
a0f3ba197c2c86ce.jpg,frog_eye_leaf_spot complex
a1ac3398e1cc87cf.jpg,scab frog_eye_leaf_spot complex
a1b557ef484cd413.jpg,frog_eye_leaf_spot complex
a1bcd0c28ba78bc7.jpg,scab complex
a1c5ca9f4ef90269.jpg,scab frog_eye_leaf_spot complex
a1cd9798003b6f8f.jpg,rust complex
a1cec1de0bc37c07.jpg,scab
a1d48349ee9a9af8.jpg,frog_eye_leaf_spot complex
a1e9e8bd0f3e1690.jpg,rust complex
a1e83a8a8d61cd3f.jpg,scab frog_eye_leaf_spot complex
a1e386fc4c8965d5.jpg,scab frog_eye_leaf_spot complex
a1ebe7085e765413.jpg,frog_eye_leaf_spot complex
a1f7889c1e7d4329.jpg,scab frog_eye_leaf_spot complex
a1fec7889a70e88d.jpg,scab complex
a2aca5c1cb3725ec.jpg,frog_eye_leaf_spot complex
a02ada655c67a967.jpg,scab frog_eye_leaf_spot complex
a2be96953443c7e4.jpg,rust complex
a2c0c789ee353769.jpg,frog_eye_leaf_spot complex
a2f2b5db3cc42d48.jpg,scab frog_eye_leaf_spot powdery_mildew complex
a3bb604d8a55995d.jpg,complex
a3be97d1c208cf85.jpg,scab frog_eye_leaf_spot complex
83c0dc1f0528febb.jpg,frog_eye_leaf_spot complex
94c269c51f4f5a5a.jpg,scab frog_eye_leaf_spot complex
94cdcaa23e732ba4.jpg,frog_eye_leaf_spot complex
94d8c8656d6f3316.jpg,rust complex
94d24ff29516543e.jpg,frog_eye_leaf_spot complex
94e1c00f7d3c31f3.jpg,scab complex
94e1c6c79e9f0968.jpg,scab complex
94efca2b542635d2.jpg,scab rust complex
94f4d5869bb490f8.jpg,frog_eye_leaf_spot complex
94fa417db2ec07d0.jpg,scab frog_eye_leaf_spot complex
95b26bc2b14372e5.jpg,scab frog_eye_leaf_spot complex
95ba32012b1bbbd6.jpg,scab frog_eye_leaf_spot complex
95bd53d0494af196.jpg,scab frog_eye_leaf_spot complex
95c0c2d2b77a7a68.jpg,complex
95c06ef5c0dec94a.jpg,scab frog_eye_leaf_spot complex
95c71dc0cffa050e.jpg,frog_eye_leaf_spot complex
95cad9a4bd6ac862.jpg,frog_eye_leaf_spot complex
95cb3f719882e8b4.jpg,scab frog_eye_leaf_spot complex
95cb4b75ad1d842a.jpg,frog_eye_leaf_spot complex
95cd4b9409e9972d.jpg,complex
95cf308cd04bee36.jpg,scab frog_eye_leaf_spot complex
95d391d6043792db.jpg,scab frog_eye_leaf_spot complex
95e2e5fad05508ab.jpg,scab frog_eye_leaf_spot complex
96ad52cbb16c658c.jpg,scab frog_eye_leaf_spot complex
96c646c7c93be033.jpg,scab frog_eye_leaf_spot complex
96cbe6cdcf528442.jpg,scab rust frog_eye_leaf_spot complex
96dcc4bad491632b.jpg,scab complex
96e313a663998f49.jpg,scab frog_eye_leaf_spot complex
96f13a920dc7a19b.jpg,scab rust frog_eye_leaf_spot complex
97f993e4cae6006a.jpg,scab frog_eye_leaf_spot complex
98c93272a7cee646.jpg,scab frog_eye_leaf_spot complex
98ed7790911b59ca.jpg,scab frog_eye_leaf_spot complex
99c8c4ca771b2ab9.jpg,scab frog_eye_leaf_spot complex
99da488e2f27626b.jpg,scab rust complex
800cbf0ff87721f8.jpg,complex
801f78399a44e7af.jpg,scab frog_eye_leaf_spot complex
803e3bd17a16e65c.jpg,scab frog_eye_leaf_spot complex
817c36d1603f75b2.jpg,frog_eye_leaf_spot complex
818a4bcfdb78385c.jpg,scab frog_eye_leaf_spot complex
821d7a1a16fafd48.jpg,scab frog_eye_leaf_spot complex
833caa43cd6a56b6.jpg,scab frog_eye_leaf_spot complex
835e2f81d03fe670.jpg,scab frog_eye_leaf_spot complex
845b4ea19d3259bd.jpg,scab frog_eye_leaf_spot complex
848ccd9333e74d59.jpg,scab frog_eye_leaf_spot complex
853e51c63a9ed64c.jpg,scab frog_eye_leaf_spot complex
854bbae391611b73.jpg,scab rust complex
858d1d24f0f7a365.jpg,frog_eye_leaf_spot complex
859ec6cdce6c122b.jpg,scab frog_eye_leaf_spot complex
860eeec66f368ac4.jpg,frog_eye_leaf_spot complex
875aeabdcc838aa1.jpg,scab complex
877a90abdd0e6698.jpg,scab frog_eye_leaf_spot complex
878c7831607b7575.jpg,scab complex
887fb436da68c929.jpg,scab frog_eye_leaf_spot complex
889d3ff1b5430327.jpg,scab frog_eye_leaf_spot complex
895f6a4cc46ceae4.jpg,frog_eye_leaf_spot complex
909a555a6e916bd5.jpg,scab rust complex
923ccbd2071dead1.jpg,complex
931c6dcae427326d.jpg,rust frog_eye_leaf_spot complex
933d71cb1ea08d47.jpg,rust complex
946d48cf9d11e8ea.jpg,scab frog_eye_leaf_spot complex
949b6595a5b8ca3c.jpg,scab
951e95a4736ae24b.jpg,scab complex
958a3e3fc16596c2.jpg,scab frog_eye_leaf_spot complex
958e956912b5a4be.jpg,scab complex
958fe16fc99640a5.jpg,frog_eye_leaf_spot complex
964f73349852e569.jpg,frog_eye_leaf_spot complex
968ec735bd21784c.jpg,scab rust complex
968f2675e848cdc9.jpg,scab frog_eye_leaf_spot complex
979fc059c945e2a3.jpg,scab frog_eye_leaf_spot complex
989a19d56b6c7525.jpg,scab frog_eye_leaf_spot complex
989f07228ef6c13b.jpg,frog_eye_leaf_spot complex
996fc1c4dd6c3c0a.jpg,scab frog_eye_leaf_spot complex
8052c7272b3b3f5c.jpg,scab complex
8081cf8f63250ff7.jpg,frog_eye_leaf_spot complex
8382e784dfe6c836.jpg,frog_eye_leaf_spot complex
8571c372cab0c5bd.jpg,scab complex
8780b695d39cdf81.jpg,scab frog_eye_leaf_spot
8784db96322bd34e.jpg,frog_eye_leaf_spot complex
9030fa489b73dcd9.jpg,scab frog_eye_leaf_spot complex
82fb3ecab8e0b08d.jpg,frog_eye_leaf_spot
83a39fdac02333cd.jpg,scab complex
83c33e1d37c8b748.jpg,rust frog_eye_leaf_spot complex
83df7436c33b1b20.jpg,scab frog_eye_leaf_spot complex
83e277c32b81b91e.jpg,rust complex
83e9129f948c5de5.jpg,scab frog_eye_leaf_spot complex
83f01fde2f56a250.jpg,scab frog_eye_leaf_spot complex
83fc76a134125e76.jpg,scab frog_eye_leaf_spot complex
84bc16a55aaaa9f5.jpg,frog_eye_leaf_spot complex
84dbe99149b16937.jpg,rust complex
84e6b7af0f070ed0.jpg,scab frog_eye_leaf_spot complex
84eb76e5ba1e3124.jpg,scab frog_eye_leaf_spot complex
84eeda34c7b05d89.jpg,frog_eye_leaf_spot powdery_mildew complex
84f07e8787879785.jpg,complex
84fec7e24097199e.jpg,scab frog_eye_leaf_spot complex
85b3c3932e663ee0.jpg,scab frog_eye_leaf_spot complex
85c63ce461d84f9b.jpg,scab frog_eye_leaf_spot complex
85d0e1b0ea59b72e.jpg,scab frog_eye_leaf_spot complex
85d42cce0e8ddc6d.jpg,scab frog_eye_leaf_spot complex
85dab161cf9895a5.jpg,frog_eye_leaf_spot complex
85e735b57ce8b410.jpg,scab rust frog_eye_leaf_spot complex
85eaeb15a8a55257.jpg,scab frog_eye_leaf_spot complex
86b93283f8e4a7f0.jpg,scab frog_eye_leaf_spot complex
86dc97b0c163e2d3.jpg,scab frog_eye_leaf_spot complex
86f8cc063b3f8e31.jpg,frog_eye_leaf_spot complex
86f25a8f4a31652f.jpg,scab frog_eye_leaf_spot complex
87a5e0dc30674b79.jpg,scab frog_eye_leaf_spot complex
87a46fcc18ed4d49.jpg,frog_eye_leaf_spot complex
87c361d0d9ac96f2.jpg,frog_eye_leaf_spot complex
87c917a54876782f.jpg,complex
87d48901edcfc3c3.jpg,scab frog_eye_leaf_spot complex
87e53a22ef6151b8.jpg,frog_eye_leaf_spot powdery_mildew complex
87fa3f21f4659034.jpg,complex
88ac6519b6d99e78.jpg,rust complex
88ddc1bf69786162.jpg,rust complex
88f05f09be2f1e23.jpg,scab frog_eye_leaf_spot complex
88ffb8d09d5f101a.jpg,scab rust frog_eye_leaf_spot complex
89a1c7961b50ff49.jpg,frog_eye_leaf_spot complex
89a07b36334ef269.jpg,scab rust complex
89a1368aeb2dc5b6.jpg,scab rust complex
89cf47e1ba7046a9.jpg,frog_eye_leaf_spot complex
89f9890060bbfe6d.jpg,scab rust frog_eye_leaf_spot complex
90a5341f227ce5f9.jpg,scab complex
90b5d0fb4f3e22d0.jpg,scab frog_eye_leaf_spot complex
90b10bc0dc677eb3.jpg,scab frog_eye_leaf_spot complex
90d28f9c79999593.jpg,scab frog_eye_leaf_spot complex
90df041af16d7d86.jpg,frog_eye_leaf_spot complex
90df66a17f502e13.jpg,rust complex
90e3f81747ee2495.jpg,scab frog_eye_leaf_spot complex
91b27ad271c9c719.jpg,scab frog_eye_leaf_spot complex
91c96585162ed6fc.jpg,scab frog_eye_leaf_spot complex
91d16c74f62a3371.jpg,scab frog_eye_leaf_spot complex
91db9b9a7cf40407.jpg,scab frog_eye_leaf_spot complex
91e4cd8a1cd381f7.jpg,scab frog_eye_leaf_spot complex
91ec8300ed2d75d7.jpg,scab complex
91f0af891fa147ac.jpg,rust frog_eye_leaf_spot complex
91f2b9c1036d7f81.jpg,scab frog_eye_leaf_spot complex
92a58ade0de5278e.jpg,frog_eye_leaf_spot complex
92a72f4731c3e24e.jpg,complex
92a91fd0b485fa9a.jpg,frog_eye_leaf_spot complex
92a172553b925b57.jpg,scab rust complex
92ab722d2beb8711.jpg,rust frog_eye_leaf_spot complex
92c5cdb008f73f8a.jpg,frog_eye_leaf_spot powdery_mildew complex
fe28c2f085817b8f.jpg,frog_eye_leaf_spot complex
fbc0c760ba23d08f.jpg,scab frog_eye_leaf_spot complex
ddb839dd4d25108b.jpg,scab frog_eye_leaf_spot
e0e88a09da1237ff.jpg,scab frog_eye_leaf_spot complex
e5c1d277962ab1a4.jpg,scab complex
d3d111a56bd961a9.jpg,scab frog_eye_leaf_spot
c080fa92ada17fa7.jpg,rust scab frog_eye_leaf_spot
ca8ad6f11b85c7c2.jpg,scab
fbf0cdbe488b0311.jpg,rust complex
fc0fc06d0321bf2b.jpg,scab frog_eye_leaf_spot complex
fc6d94c1c0cac3e3.jpg,scab frog_eye_leaf_spot complex
fc12c3e0c0b77399.jpg,frog_eye_leaf_spot complex
fc84f09c5b7c6168.jpg,scab complex
fca5aac8eac2f602.jpg,rust frog_eye_leaf_spot complex
fca495f43f00e499.jpg,scab frog_eye_leaf_spot complex
fcaa8b0fd8193564.jpg,scab frog_eye_leaf_spot complex
fcb0c3171ef04879.jpg,scab rust complex
fcb99b5819258746.jpg,scab rust frog_eye_leaf_spot complex
fcc43fe032fac206.jpg,scab complex
fcddc0c2c79bc2c0.jpg,scab frog_eye_leaf_spot complex
fce3c0b7381a32e8.jpg,rust frog_eye_leaf_spot complex
fce284faa4d7c094.jpg,rust complex
fcec849ac8523b1b.jpg,scab complex
fcf0846bdd6294a4.jpg,frog_eye_leaf_spot complex
fd1cc97e13c230c3.jpg,frog_eye_leaf_spot complex
fd2ac19b469d1ab0.jpg,frog_eye_leaf_spot complex
fd2bd0f085d2d0a9.jpg,scab complex
fd02faa1521f057a.jpg,scab complex
fd3ed948c1ec43c0.jpg,scab rust frog_eye_leaf_spot complex
fd7b82b8c3cf8180.jpg,frog_eye_leaf_spot complex
fd10c2cf9b72a324.jpg,frog_eye_leaf_spot powdery_mildew complex
fd36d2908bc189cb.jpg,rust frog_eye_leaf_spot complex
fd77c1db682d0520.jpg,scab complex
fd85c4cb06c03e57.jpg,scab frog_eye_leaf_spot complex
fd87b8488b606db4.jpg,scab frog_eye_leaf_spot complex
fd9790d658283ce1.jpg,scab frog_eye_leaf_spot complex
fda5d2ae5b240d30.jpg,scab frog_eye_leaf_spot complex
fda174c13c004efd.jpg,scab frog_eye_leaf_spot complex
fdaca0609a42b677.jpg,scab rust frog_eye_leaf_spot complex
fdb5c08b16342d71.jpg,frog_eye_leaf_spot complex
fdc0d59e382469e4.jpg,scab frog_eye_leaf_spot complex
fdc2bde10d847494.jpg,rust frog_eye_leaf_spot complex
fdc5caf48dc2320c.jpg,frog_eye_leaf_spot complex
fdc5927c98a4c4b2.jpg,rust complex
fde6c8db6ce10860.jpg,scab rust complex
fe2f89368b14c455.jpg,frog_eye_leaf_spot complex
fe35c2293b37b044.jpg,
fe71c6838ad58859.jpg,scab frog_eye_leaf_spot complex
fe80f448c0eb8775.jpg,scab frog_eye_leaf_spot powdery_mildew complex
fe89eab04fd35012.jpg,scab complex
fe92e53ec86cc320.jpg,frog_eye_leaf_spot complex
fe94b191b02d8ae6.jpg,scab powdery_mildew complex
fe57066e303470d3.jpg,scab frog_eye_leaf_spot complex
fe481335a91ec751.jpg,scab complex
fead8b83cb6a2490.jpg,scab frog_eye_leaf_spot complex
feafa6909610c539.jpg,scab complex
fed4966a684d0696.jpg,rust complex
fee4c2e29b0f121a.jpg,scab frog_eye_leaf_spot complex
fee4804a8d345d1f.jpg,scab rust complex
fefb948a99412cc4.jpg,scab complex
ff0cd19c83ac878a.jpg,frog_eye_leaf_spot complex
ff7ec1bc1ed08120.jpg,scab frog_eye_leaf_spot complex
ff7ed080834b40db.jpg,scab complex
ff8ac2d286a6a43c.jpg,scab complex
ff8bc02bcb3c8b20.jpg,scab complex
ff22c28d99f0d312.jpg,scab complex
ff78c07e00052f9b.jpg,rust complex
ff91c6f060bb3109.jpg,scab rust complex
ff32821f4d34b4d0.jpg,rust frog_eye_leaf_spot complex
ff3484301e47ddc4.jpg,frog_eye_leaf_spot complex
ffb084c28f4f30cc.jpg,scab complex
ffd4c5088f4605a7.jpg,scab complex
ffdc70c492370f02.jpg,frog_eye_leaf_spot complex
ffdef27b820081c4.jpg,complex
ffe1e03542661f22.jpg,frog_eye_leaf_spot complex
f269c1c4edc7c446.jpg,scab complex
f285d3306bb2cdc8.jpg,frog_eye_leaf_spot complex
f289c39d38a11bce.jpg,scab frog_eye_leaf_spot complex
f299a1e1e9c6154b.jpg,scab frog_eye_leaf_spot complex
f421cac58f0e2d9e.jpg,complex
f428c7cbdc8fa980.jpg,scab frog_eye_leaf_spot complex
f457ea280fe14399.jpg,scab complex
f476c04b4fa916b4.jpg,rust complex
f481fb460db98cc9.jpg,scab complex
f487abd95c605568.jpg,scab complex
f503c07e0ef39863.jpg,scab frog_eye_leaf_spot complex
f542c9ab3b30e48e.jpg,scab frog_eye_leaf_spot complex
f555bd39c239e060.jpg,scab frog_eye_leaf_spot complex
f565c69a38d9a123.jpg,scab frog_eye_leaf_spot complex
f565cac1209b3b93.jpg,scab frog_eye_leaf_spot complex
f597c0985a9e3670.jpg,scab rust complex
f627c42687268f56.jpg,scab complex
f0638f1f3f824386.jpg,complex
f817c77ac8118772.jpg,frog_eye_leaf_spot complex
f0823d7ac13fc073.jpg,scab frog_eye_leaf_spot complex
f869cb5a3c941c4e.jpg,rust complex
f0869ea7c55ac83c.jpg,scab frog_eye_leaf_spot complex
f899e1574f9a1063.jpg,complex
f917f8c4007f2c78.jpg,scab rust complex
f966d745a498053d.jpg,scab frog_eye_leaf_spot powdery_mildew complex
f992d5028a274f75.jpg,scab rust complex
f1048e4ad0fa8e3f.jpg,scab frog_eye_leaf_spot complex
f2188d6318c66bee.jpg,scab complex
f2530b803ef4e0de.jpg,scab frog_eye_leaf_spot complex
f3094e360dec54cd.jpg,scab frog_eye_leaf_spot complex
f4899b69417667d0.jpg,scab complex
f5159b2b2df1206a.jpg,rust frog_eye_leaf_spot complex
f5330be1691f505c.jpg,frog_eye_leaf_spot complex
f9925e8983ca1f85.jpg,frog_eye_leaf_spot complex
f18785b6383236ab.jpg,frog_eye_leaf_spot complex
f41787a50fe27630.jpg,scab complex
f43876d5914d6919.jpg,scab complex
f45328d30a2f5db4.jpg,scab complex
f58390dfa8dda484.jpg,frog_eye_leaf_spot complex
f060008e97f0ef77.jpg,rust complex
f61418f09ff68670.jpg,frog_eye_leaf_spot complex
f69942d8212d31ef.jpg,rust complex
f83287b19437ba1a.jpg,scab rust complex
f216163dcd8529b3.jpg,scab frog_eye_leaf_spot complex
f230939f0d78bc25.jpg,frog_eye_leaf_spot complex
f310039e54bbc1f5.jpg,frog_eye_leaf_spot complex
f670687e24c04bed.jpg,scab rust complex
f1319981cf686d8e.jpg,scab frog_eye_leaf_spot complex
f84783628faa04fd.jpg,scab rust complex
f0339336244efcc5.jpg,scab complex
f534359804bdb61e.jpg,scab frog_eye_leaf_spot complex
f671597434c672c8.jpg,scab rust complex
f4768563496c67c1.jpg,scab complex
f26479778964a926.jpg,rust complex
fa5e87e2386c86c2.jpg,powdery_mildew complex
fa6ed3c0d9dc9088.jpg,frog_eye_leaf_spot complex
fa9ad2b09dd554c0.jpg,scab complex
fa9f95c2daca0905.jpg,scab frog_eye_leaf_spot complex
fa55c52a1f789813.jpg,frog_eye_leaf_spot complex
fa87c28e9d5d2944.jpg,scab complex
fa108f246b1ceb1e.jpg,frog_eye_leaf_spot complex
fa529f125a27603e.jpg,scab rust complex
fa6334c6ab0e1674.jpg,scab complex
fa29853dd43e8b30.jpg,scab frog_eye_leaf_spot complex
faad029e75b14193.jpg,scab complex
fab2c71f14191c9c.jpg,scab frog_eye_leaf_spot complex
fab6c09b8d989c64.jpg,powdery_mildew complex
fab6c199830ce1f8.jpg,frog_eye_leaf_spot complex
fab4498bcc2c3eb0.jpg,frog_eye_leaf_spot complex
fabb86521e27e184.jpg,scab rust complex
facf81eb9403d826.jpg,rust complex
fad00fe6609bc3c1.jpg,scab complex
fad234cd112ad8d5.jpg,scab complex
fae2d4c4c93a3b30.jpg,scab frog_eye_leaf_spot complex
faeec30c5d486c49.jpg,frog_eye_leaf_spot complex
fafc1be0a5c5c205.jpg,scab complex
fb94c28707ceb506.jpg,scab frog_eye_leaf_spot complex
fbbb22e65cc88948.jpg,scab frog_eye_leaf_spot complex
fbd5966a08b17832.jpg,scab frog_eye_leaf_spot complex
f4c485af87968a95.jpg,complex
f4d0f030871b5e3e.jpg,frog_eye_leaf_spot complex
f4e5cd3c3071c3c8.jpg,rust frog_eye_leaf_spot complex
f4e737c4dac8a904.jpg,frog_eye_leaf_spot complex
f4edc1811f78b826.jpg,scab frog_eye_leaf_spot complex
f4f8c2d1c0cbe487.jpg,frog_eye_leaf_spot complex
f4f3193761c4a09e.jpg,frog_eye_leaf_spot complex
f4f4305212969f9b.jpg,scab frog_eye_leaf_spot complex
f4fa861991093bec.jpg,frog_eye_leaf_spot complex
f5aed2d03d89c262.jpg,frog_eye_leaf_spot complex
f5b4ca928ceaaa8a.jpg,scab frog_eye_leaf_spot complex
f5b51c5d6823238b.jpg,frog_eye_leaf_spot complex
f5b596079c6240eb.jpg,complex
f5bbe1989b3901c4.jpg,scab complex
f5c5c4478856b837.jpg,rust complex
f5cb5a941a337605.jpg,scab frog_eye_leaf_spot complex
f5cfd892d0c3c4c4.jpg,frog_eye_leaf_spot complex
f5e5c44fd6964a40.jpg,scab complex
f5ecf888e88ea4a4.jpg,scab frog_eye_leaf_spot complex
f5f5d5158a1a02f2.jpg,scab complex
f6b5d0cdc5d204d2.jpg,scab rust frog_eye_leaf_spot complex
f6f0c6921a7961c9.jpg,scab frog_eye_leaf_spot complex
f6fe83344d272494.jpg,scab complex
f7b681f20fc10cc5.jpg,scab frog_eye_leaf_spot complex
f7c6d290c2cfc48c.jpg,frog_eye_leaf_spot complex
f8a7cdb885b78051.jpg,scab frog_eye_leaf_spot complex
f8b6c08387c707ce.jpg,scab frog_eye_leaf_spot complex
f8be9580a45c85e7.jpg,rust
f8c08b3db9f801ba.jpg,scab complex
f8c525de0a7b2c64.jpg,complex
f8d285d09ecd1c2d.jpg,scab complex
f8e7f110527a03ec.jpg,scab complex
f8e67b39cd0cdc00.jpg,scab frog_eye_leaf_spot complex
f8e582df1a9064a7.jpg,scab rust complex
f8f8e9e49b850c43.jpg,scab frog_eye_leaf_spot complex
f8fa7ba42d28a868.jpg,scab complex
f9b2c0766c662cc9.jpg,scab complex
f9b56d4558889dc8.jpg,rust complex
f9c08ed8e03d90af.jpg,frog_eye_leaf_spot complex
f09c8fe11d83223f.jpg,frog_eye_leaf_spot complex
f9c89ed5e821c730.jpg,scab frog_eye_leaf_spot complex
f9d2c30f18d153b2.jpg,scab complex
f9d9a1d8a472560b.jpg,frog_eye_leaf_spot complex
f9e6dd41288a2778.jpg,frog_eye_leaf_spot complex
f010f28b873a3bd9.jpg,scab complex
f11bdab109d2e5e0.jpg,scab complex
f18de132264a997e.jpg,powdery_mildew complex
f22d06f28d6b9a45.jpg,frog_eye_leaf_spot complex
f28e9b1c9d708d38.jpg,scab frog_eye_leaf_spot complex
f31e93e94d4425b2.jpg,scab powdery_mildew complex
f40bc33c1ce6703b.jpg,complex
f41e8b86fbe33840.jpg,complex
f43ccaca9b3ab052.jpg,scab frog_eye_leaf_spot complex
f45ba2c59daa3033.jpg,scab rust complex
f48dd51b4e2d0f44.jpg,frog_eye_leaf_spot complex
f48f28f21cc9fc42.jpg,scab complex
f50ac4a0e9777b14.jpg,scab complex
f50afa7ad0351235.jpg,scab complex
f51e866d86729a0b.jpg,scab complex
f52ac2462059cbf7.jpg,scab frog_eye_leaf_spot complex
f54a9546d634d29a.jpg,scab rust complex
f55a824bda558e25.jpg,scab complex
f55a13990fa70267.jpg,scab frog_eye_leaf_spot complex
f57c924a9ac52995.jpg,scab rust complex
f59ac9d9792261c8.jpg,frog_eye_leaf_spot complex
f59ac4019c0f73bc.jpg,scab complex
f59f4a4a74ee0161.jpg,scab complex
f66dd0760d433e03.jpg,scab complex
f73e8383b80bb438.jpg,scab complex
f80aca92cfecb138.jpg,scab frog_eye_leaf_spot complex
f81ee428bf92035e.jpg,scab frog_eye_leaf_spot complex
f83c41344bbf0b17.jpg,scab frog_eye_leaf_spot complex
f84a812d9931c3fe.jpg,scab frog_eye_leaf_spot complex
f86c97703b376098.jpg,scab complex
f86f85951f9a7042.jpg,rust complex
f87e83ede08d6380.jpg,scab complex
f92d44f8ee98e224.jpg,scab frog_eye_leaf_spot complex
f144e01f769a63e2.jpg,scab complex
f161a75a4a952d0f.jpg,scab frog_eye_leaf_spot complex
f0238f860f9efc18.jpg,scab rust complex
eaa7c001157ffa0e.jpg,scab complex
eab66bdb9f210092.jpg,scab frog_eye_leaf_spot complex
eab083129d8f1dbc.jpg,scab complex
eac5c0d28b8a7ada.jpg,scab complex
eacb78cdb12d4a82.jpg,complex
eae014d68aeafd21.jpg,scab complex
eaf2c5e1cc112f68.jpg,scab complex
eb0f9f8e106260b7.jpg,frog_eye_leaf_spot
eb2245c2cbcb331d.jpg,scab complex
eba035974baa8566.jpg,scab frog_eye_leaf_spot complex
ebb4c186afaa4a4a.jpg,scab rust complex
ebc315dc4c6a2d29.jpg,scab complex
ebc4883fdc31c313.jpg,rust complex
ebc13593de2d208e.jpg,frog_eye_leaf_spot complex
ebc9819893fc12d6.jpg,complex
ec81c59d54f0ed68.jpg,scab frog_eye_leaf_spot complex
ec83d0c04ea7be6a.jpg,scab frog_eye_leaf_spot complex
ec86b5d8c968c98d.jpg,scab complex
eca4c53c9fe0a287.jpg,scab complex
eca478e827f79850.jpg,scab frog_eye_leaf_spot complex
ecb1ca824a173797.jpg,scab frog_eye_leaf_spot complex
ecdd8c9a3d713224.jpg,scab complex
ece9b6d69e9a1802.jpg,scab complex
ece68eb9709b2382.jpg,frog_eye_leaf_spot complex
ecf890a17ce77980.jpg,scab frog_eye_leaf_spot complex
ed8ad58083ef838d.jpg,scab frog_eye_leaf_spot complex
ed84c16f696ba292.jpg,frog_eye_leaf_spot complex
ed499a86a53574e1.jpg,frog_eye_leaf_spot complex
eda5865ad2b48770.jpg,frog_eye_leaf_spot complex
edb3da49a331388c.jpg,frog_eye_leaf_spot complex
edcad6195a7860a6.jpg,rust complex
edf2828a9ad0f346.jpg,scab frog_eye_leaf_spot complex
ee003ef59486acb6.jpg,scab frog_eye_leaf_spot complex
ee9d9e52a8311789.jpg,scab frog_eye_leaf_spot complex
ee7856172b466907.jpg,frog_eye_leaf_spot complex
eea0d5d1067b426b.jpg,scab frog_eye_leaf_spot complex
eeb07e6a6a5a8231.jpg,scab frog_eye_leaf_spot complex
eeb7164318eea324.jpg,scab complex
eec2cb6b2d043d64.jpg,scab frog_eye_leaf_spot complex
eee49682c93eb138.jpg,scab frog_eye_leaf_spot complex
eeebd0c1d14183ad.jpg,scab complex
ef6bd231c24842dd.jpg,frog_eye_leaf_spot complex
ef8fca3c8200c0ff.jpg,frog_eye_leaf_spot complex
ef55bacde9c04580.jpg,frog_eye_leaf_spot complex
ef8493ae81945e1e.jpg,scab complex
ef63844b2ccf1926.jpg,frog_eye_leaf_spot complex
f0a6cfda4bcc1384.jpg,scab frog_eye_leaf_spot complex
f0a9cfb2204d1b37.jpg,scab rust complex
f0a74bd8ac888dad.jpg,frog_eye_leaf_spot complex
f0bc81851e7ef0e2.jpg,rust complex
f0bfc210c2f3acd1.jpg,frog_eye_leaf_spot complex
f0c5f028c7701f3b.jpg,scab frog_eye_leaf_spot complex
f0cfce3a43356524.jpg,scab frog_eye_leaf_spot complex
f0e1f322875a853e.jpg,scab frog_eye_leaf_spot complex
f0e4c792b6d2924b.jpg,scab frog_eye_leaf_spot complex
f0ec61f13b705a32.jpg,frog_eye_leaf_spot complex
f0f2d198812f3d36.jpg,scab complex
f1ab5eb06d8438a6.jpg,frog_eye_leaf_spot complex
f1b46387b86ad0e4.jpg,scab frog_eye_leaf_spot complex
f1b546461a5a5b8b.jpg,scab frog_eye_leaf_spot complex
f1bcd73442a79612.jpg,scab complex
f1c4cb5a5a712176.jpg,scab frog_eye_leaf_spot complex
f1c434138ceb6a8f.jpg,scab frog_eye_leaf_spot complex
f1d2c28a0d2deb99.jpg,scab complex
f1d662b85a2dac43.jpg,scab complex
f1d280259a4d73bd.jpg,scab frog_eye_leaf_spot complex
f1e881ef49a56a07.jpg,frog_eye_leaf_spot complex
f1e987d30c9ac8d8.jpg,scab complex
f01f90810fe1fdac.jpg,scab complex
f2a9c51c7035671e.jpg,rust complex
f002bd6bcb39a0e9.jpg,scab frog_eye_leaf_spot complex
f2d0c0c70e373ed1.jpg,scab frog_eye_leaf_spot complex
f3c2b783d2afc240.jpg,scab frog_eye_leaf_spot complex
f3e5a0ac6d132c1b.jpg,rust complex
f3fe70d8658ae00a.jpg,complex
f4a0a29727e8172f.jpg,scab frog_eye_leaf_spot complex
f4a0c077c79a8cd9.jpg,frog_eye_leaf_spot complex
f4a3eb825dd05b41.jpg,scab frog_eye_leaf_spot complex
f4b99bd1592c2564.jpg,scab frog_eye_leaf_spot complex
f4c54dca682a7273.jpg,scab frog_eye_leaf_spot complex
e8a5f0c6c587968b.jpg,scab frog_eye_leaf_spot complex
e8a58ad4d9829f33.jpg,scab frog_eye_leaf_spot complex
e8b095988f6b582f.jpg,scab frog_eye_leaf_spot complex
e8bd8ac4d982dd83.jpg,scab frog_eye_leaf_spot complex
e8c295799f8d221e.jpg,scab frog_eye_leaf_spot complex
e8d1c1c8cb887cfc.jpg,scab frog_eye_leaf_spot complex
e8e495d0d28fa8e9.jpg,scab frog_eye_leaf_spot complex
e8e28344970f9c3f.jpg,scab complex
e8f09fbb802035b7.jpg,scab frog_eye_leaf_spot complex
e9a7c1cb2c8918f9.jpg,frog_eye_leaf_spot complex
e9c18f9eb8516d05.jpg,scab complex
e9d7da9f1a41212a.jpg,scab frog_eye_leaf_spot complex
e9dad6c5295f00b4.jpg,scab frog_eye_leaf_spot complex
e09ec40bb23eada9.jpg,scab complex
e13fd2d0c5602d67.jpg,scab frog_eye_leaf_spot complex
e18f47cfb5a4a444.jpg,scab complex
e26ac5c59218e9cf.jpg,complex
e26d9782451b743b.jpg,scab complex
e39e31c312c172dd.jpg,scab frog_eye_leaf_spot complex
e045ef6e9a34843d.jpg,scab complex
e48da98dec645e52.jpg,scab complex
e52d3fc23ac57085.jpg,scab frog_eye_leaf_spot complex
e52d5aa65294b578.jpg,scab frog_eye_leaf_spot complex
e55a8a699de19871.jpg,scab complex
e055bac5ff241b12.jpg,scab frog_eye_leaf_spot complex
e58b34c955c9da34.jpg,scab complex
e64bc7a2cc936c8c.jpg,scab frog_eye_leaf_spot complex
e80cf0ec8aec9727.jpg,frog_eye_leaf_spot complex
e84a0368f760b63f.jpg,scab frog_eye_leaf_spot complex
e087f27e83f008e7.jpg,frog_eye_leaf_spot complex
e88ce94d8eca5e4a.jpg,frog_eye_leaf_spot complex
e89f82785f091de1.jpg,rust complex
e90ba5c9332f31c3.jpg,scab frog_eye_leaf_spot complex
e094d0110ff5bef2.jpg,frog_eye_leaf_spot complex
e95c4760cde49897.jpg,scab frog_eye_leaf_spot complex
e120a79bd2c2537b.jpg,scab frog_eye_leaf_spot complex
e143c3dc78704757.jpg,rust frog_eye_leaf_spot complex
e222bb4f4d846cdc.jpg,scab complex
e262d83961e933e6.jpg,scab frog_eye_leaf_spot complex
e313d3c48594f1dc.jpg,scab frog_eye_leaf_spot complex
e481cfb71adc21b8.jpg,scab frog_eye_leaf_spot complex
e511d31b8ce339c5.jpg,scab frog_eye_leaf_spot complex
e517c4d0c7e1d4c9.jpg,rust frog_eye_leaf_spot complex
e529adb8c61cca5c.jpg,rust complex
e0681f29c79339ae.jpg,scab complex
e832c4d3cc0bd6ad.jpg,scab complex
e890c71f66323ec5.jpg,rust frog_eye_leaf_spot complex
e924dd52942f9e4c.jpg,rust
e984c49aef3d54a1.jpg,scab frog_eye_leaf_spot complex
e993d29a7462a4f8.jpg,scab frog_eye_leaf_spot complex
e1181e017f2fe4f1.jpg,scab complex
e5834f0c1074bf9b.jpg,frog_eye_leaf_spot complex
e5909e47616339b9.jpg,scab rust frog_eye_leaf_spot complex
e5931b592d3421bd.jpg,frog_eye_leaf_spot complex
e07485de9fbca409.jpg,scab frog_eye_leaf_spot complex
e8709a2eb1d8e70d.jpg,scab frog_eye_leaf_spot complex
e26867cf9c5c98b0.jpg,scab frog_eye_leaf_spot complex
e36893b6da91ca0b.jpg,frog_eye_leaf_spot complex
e59398e692385fb0.jpg,scab frog_eye_leaf_spot complex
e61384f3f8c3496c.jpg,scab complex
e65895a55ae12a75.jpg,frog_eye_leaf_spot complex
e66096d0de6931bc.jpg,scab frog_eye_leaf_spot complex
e068953ecb74c535.jpg,scab complex
e89199c9e16f6632.jpg,scab complex
e92795c07acf6087.jpg,scab frog_eye_leaf_spot complex
e96085be3e916596.jpg,scab frog_eye_leaf_spot complex
e99590ef2257a274.jpg,frog_eye_leaf_spot complex
e350014f5de71f92.jpg,frog_eye_leaf_spot complex
e831341fc0f1731f.jpg,scab frog_eye_leaf_spot complex
e849977f48c31d89.jpg,scab frog_eye_leaf_spot complex
e917184f15c81adf.jpg,scab frog_eye_leaf_spot complex
e5105617be70a579.jpg,complex
e6329790d9473927.jpg,scab frog_eye_leaf_spot complex
e9964292bd756a25.jpg,scab frog_eye_leaf_spot complex
e3119307928fb375.jpg,frog_eye_leaf_spot complex
ea2b927bde3088b2.jpg,scab frog_eye_leaf_spot complex
ea5de73a95aa2890.jpg,scab complex
ea95c7482f7562c2.jpg,rust
ea809c3a5aef2aa5.jpg,frog_eye_leaf_spot complex
eaa5f4ac8a8acad1.jpg,scab frog_eye_leaf_spot complex
dd8e5821c3cb9396.jpg,frog_eye_leaf_spot complex
dd765d662834605d.jpg,scab complex
ddb0c9670a277253.jpg,scab complex
ddb0072db814ad7a.jpg,scab frog_eye_leaf_spot complex
ddba21d2a1257aa6.jpg,rust complex
de1cda2ec91ca41e.jpg,scab frog_eye_leaf_spot complex
de3a868f9c706487.jpg,scab frog_eye_leaf_spot complex
de9e08002cb77ff0.jpg,scab frog_eye_leaf_spot complex
de073bf47280709b.jpg,frog_eye_leaf_spot complex
de484fa1f35ca4b0.jpg,scab frog_eye_leaf_spot complex
de8340a473de78e4.jpg,frog_eye_leaf_spot complex
de8668b7846b5594.jpg,scab frog_eye_leaf_spot complex
de96253c36da40c7.jpg,scab complex
dea1a45cb1277266.jpg,rust complex
dea33c5c0347aa4d.jpg,powdery_mildew complex
dea2323240e75ee6.jpg,scab frog_eye_leaf_spot complex
decb693131273323.jpg,scab rust complex
ded0a0c1e3b2fd03.jpg,scab frog_eye_leaf_spot complex
ded57ce32063350a.jpg,scab frog_eye_leaf_spot complex
dee06fde20e23183.jpg,scab complex
deece3b039686245.jpg,scab frog_eye_leaf_spot complex
df3b8800e2f892fa.jpg,scab frog_eye_leaf_spot complex
df90901ccb664de6.jpg,rust complex
dfc716b89150eb0a.jpg,frog_eye_leaf_spot complex
dfc73884e0e0bc17.jpg,rust complex
dfe03bbf63030702.jpg,scab complex
dfe425be42284b0f.jpg,scab frog_eye_leaf_spot complex
dfe0798519d51316.jpg,scab complex
dffb6340c0b1a0b5.jpg,scab complex
e0a8d0ebd93be11a.jpg,scab complex
e0a59acbe9c43396.jpg,scab frog_eye_leaf_spot complex
e0b71ea1565249dd.jpg,scab frog_eye_leaf_spot complex
e0cfd414d9326337.jpg,frog_eye_leaf_spot complex
e0e0f090c31b0fff.jpg,scab complex
e0e2dad2c8df4d88.jpg,scab frog_eye_leaf_spot complex
e0e4ddb51df21c90.jpg,scab frog_eye_leaf_spot complex
e0e8f3d7d6ba0a08.jpg,scab frog_eye_leaf_spot complex
e0eacf9fb7d01210.jpg,scab frog_eye_leaf_spot complex
e0ee9eb920e5a0b5.jpg,scab complex
e0ee44c7173a3d32.jpg,scab complex
e0f6c7bd12a401cf.jpg,frog_eye_leaf_spot complex
e0fb93d14f6824b2.jpg,scab frog_eye_leaf_spot complex
e00fce341cb63da5.jpg,scab frog_eye_leaf_spot complex
e1a1d5da9bc1ad22.jpg,scab frog_eye_leaf_spot complex
e1a64386c9d6295f.jpg,scab frog_eye_leaf_spot complex
e1ac996d0bb364d1.jpg,scab frog_eye_leaf_spot complex
e1b9a3929e0447f3.jpg,scab rust complex
e1bed6c318c30fe0.jpg,scab frog_eye_leaf_spot complex
e1c413c497f4bec2.jpg,scab complex
e1dee4124f2155b3.jpg,scab complex
e01e42d90c66f3f3.jpg,scab frog_eye_leaf_spot complex
e1fb9008d3c0cbeb.jpg,scab frog_eye_leaf_spot complex
e02b86b99ad798ac.jpg,scab frog_eye_leaf_spot complex
e02e82838f2d3d7d.jpg,frog_eye_leaf_spot complex
e4a49aebec723303.jpg,scab complex
e4af7b827043b925.jpg,scab frog_eye_leaf_spot complex
e4b9605c28633bbb.jpg,scab complex
e4c8e72cc73596a4.jpg,rust complex
e4d6a94b90ce2fe0.jpg,frog_eye_leaf_spot complex
e4d6c63746ca24cb.jpg,scab complex
e4e88fc4851ab6f4.jpg,scab frog_eye_leaf_spot complex
e04e811c9ffd12b9.jpg,rust
e5a3c29e7c889b51.jpg,scab frog_eye_leaf_spot complex
e5aeaec4ad0eba10.jpg,rust frog_eye_leaf_spot complex
e5bc849c0bced0d3.jpg,scab complex
e5c2c69cd652ae92.jpg,rust
e5d742694436d8cd.jpg,scab frog_eye_leaf_spot complex
e5e1e1814e7f081f.jpg,complex
e5e895c7504239e7.jpg,rust
e5f012f3da61113b.jpg,scab frog_eye_leaf_spot complex
e5f092469baa999c.jpg,frog_eye_leaf_spot complex
e6d2949e6a8d8596.jpg,scab frog_eye_leaf_spot complex
e7a782e08b0f1f54.jpg,scab complex
e007a597831d5e3d.jpg,scab frog_eye_leaf_spot complex
e7b5b4d2c8c1e0e4.jpg,scab frog_eye_leaf_spot complex
e07f94b41f1e282b.jpg,scab frog_eye_leaf_spot complex
e8a5c38f9f9828d8.jpg,scab frog_eye_leaf_spot complex
d8f2878a7c6d30a5.jpg,scab frog_eye_leaf_spot complex
d9a006e56cbae897.jpg,scab frog_eye_leaf_spot complex
d10c32b2f4b9d93a.jpg,frog_eye_leaf_spot powdery_mildew complex
d13e46ad1706b9c9.jpg,frog_eye_leaf_spot complex
d18c39876977c8a3.jpg,scab frog_eye_leaf_spot complex
d20a299a3dc5d7d4.jpg,scab rust frog_eye_leaf_spot complex
d023c15f9eb8e1a9.jpg,rust complex
d28c63da22fa8e33.jpg,scab complex
d30d238b3fcb2ca2.jpg,rust complex
d32f6fc3d8c8a00e.jpg,scab complex
d34a6fa51e8e8994.jpg,rust complex
d035d965296f6899.jpg,scab frog_eye_leaf_spot complex
d41a7b0479631c7b.jpg,scab rust complex
d52c3f813b4b5a1a.jpg,frog_eye_leaf_spot complex
d56e6ac133d212ab.jpg,scab frog_eye_leaf_spot complex
d56f31f00ce6bd02.jpg,scab frog_eye_leaf_spot complex
d66fcb790c992113.jpg,scab complex
d71d61c9d07c352a.jpg,scab frog_eye_leaf_spot complex
d72dc4feab008e1c.jpg,scab frog_eye_leaf_spot complex
d76b5bd2078f0948.jpg,scab frog_eye_leaf_spot complex
d83f10c2937afe09.jpg,frog_eye_leaf_spot complex
d86ac244e1bafb68.jpg,scab frog_eye_leaf_spot complex
d90d6f120dab2ec3.jpg,scab frog_eye_leaf_spot complex
d98be0cd8dbc058d.jpg,scab powdery_mildew complex
d0124fdecf3838b1.jpg,scab frog_eye_leaf_spot complex
d561cd9815d6c42f.jpg,scab frog_eye_leaf_spot complex
d586c8248da6ddcb.jpg,scab rust complex
d624c28e67cc179e.jpg,scab frog_eye_leaf_spot complex
d689cc347bd86619.jpg,scab frog_eye_leaf_spot complex
d721ca38cb4bc356.jpg,rust complex
d768cb95389825ea.jpg,scab frog_eye_leaf_spot complex
d881fa0ed9c833dc.jpg,scab rust complex
d973c60c3961c2cf.jpg,scab frog_eye_leaf_spot complex
d03240df8f19fa5a.jpg,scab frog_eye_leaf_spot complex
d4484e8d7bd8b34a.jpg,scab complex
d6427a97631b27a8.jpg,frog_eye_leaf_spot complex
d7444c3a33ec1c9b.jpg,scab frog_eye_leaf_spot complex
d8047c2b34d7a0df.jpg,scab rust complex
d8980c8e2ce7f762.jpg,scab frog_eye_leaf_spot complex
d9096bd4a497b493.jpg,rust complex
d09555dbb4a71543.jpg,scab rust frog_eye_leaf_spot complex
d17066c7fd242d0d.jpg,scab frog_eye_leaf_spot complex
d32492d3854abece.jpg,scab frog_eye_leaf_spot complex
d47293f9e9832592.jpg,
d50511eb074bb7d4.jpg,scab complex
d64460a3b19f1cfc.jpg,scab frog_eye_leaf_spot complex
d69994c72d72e1c1.jpg,scab frog_eye_leaf_spot complex
d76939c0e1c761e4.jpg,scab frog_eye_leaf_spot complex
d89469d136cd9678.jpg,scab complex
d846939cc86af475.jpg,scab frog_eye_leaf_spot complex
d08077878dcdb89d.jpg,frog_eye_leaf_spot complex
d8891858dafaeb23.jpg,scab frog_eye_leaf_spot complex
d69357569a03ea8a.jpg,scab frog_eye_leaf_spot complex
d98867728ea2d9d4.jpg,frog_eye_leaf_spot complex
da0dc56cea2ace54.jpg,scab complex
da4cf23021797dc9.jpg,scab complex
da8d3d93719038f1.jpg,scab frog_eye_leaf_spot complex
da32a31d92652fc9.jpg,rust complex
da81adbc156ec386.jpg,rust complex
da257ab78070837b.jpg,scab frog_eye_leaf_spot complex
da21833e70d3077e.jpg,scab frog_eye_leaf_spot complex
da00235769d67f94.jpg,scab frog_eye_leaf_spot complex
daa8c2f5cf32c930.jpg,scab frog_eye_leaf_spot complex
dab3c0cfc52071f2.jpg,scab frog_eye_leaf_spot complex
dad5d6250cae80b7.jpg,scab complex
dadf63b0b00fd148.jpg,scab frog_eye_leaf_spot complex
daf355c268291eca.jpg,scab
db62c5d826d912ad.jpg,scab complex
db838bc1d8432be3.jpg,scab frog_eye_leaf_spot complex
dba1c14fde08ea58.jpg,rust complex
dbe1c32a2d153e2c.jpg,scab complex
dbec018b96b5191b.jpg,rust
dc0535c50eceecca.jpg,scab complex
dc6544c83038fecf.jpg,scab frog_eye_leaf_spot complex
dc69699714e56a26.jpg,scab frog_eye_leaf_spot complex
dcc0c38eafa4a719.jpg,scab frog_eye_leaf_spot complex
dcc09f6a1ba7660a.jpg,scab frog_eye_leaf_spot complex
dccec4cc3e391b60.jpg,scab complex
dcfa8a9407389b8e.jpg,scab frog_eye_leaf_spot complex
dd0a7e4370a0b8d7.jpg,scab frog_eye_leaf_spot complex
cdea8de2b1c1a135.jpg,scab frog_eye_leaf_spot complex
ce1a93ed21ae19d4.jpg,frog_eye_leaf_spot complex
ce226a3cb099db4b.jpg,scab frog_eye_leaf_spot complex
ceadd0c5353aa962.jpg,frog_eye_leaf_spot complex
ceb6b4cbf4a00b83.jpg,scab frog_eye_leaf_spot complex
ceb534f246240ee7.jpg,scab frog_eye_leaf_spot complex
ceb3549483f06d4d.jpg,scab rust complex
cec684eed5252a1d.jpg,scab frog_eye_leaf_spot complex
cefa8435c02d99ab.jpg,scab frog_eye_leaf_spot complex
cf3b10b30df2698c.jpg,scab rust complex
cf6a8b1689fe8c12.jpg,frog_eye_leaf_spot complex
cf387a827031bc6e.jpg,rust frog_eye_leaf_spot complex
cf822dcf01eec076.jpg,frog_eye_leaf_spot complex
cf9374cc7a0c6e0c.jpg,scab frog_eye_leaf_spot complex
cf80713ec2e42f87.jpg,scab frog_eye_leaf_spot complex
cfa0545ea175724b.jpg,scab frog_eye_leaf_spot complex
cfab6e1e20b690b1.jpg,scab complex
cfb8cec59888173c.jpg,scab frog_eye_leaf_spot complex
cfde68b088ed0f03.jpg,scab frog_eye_leaf_spot complex
cff833939a8b02e2.jpg,scab frog_eye_leaf_spot complex
d0a4dbd79490e176.jpg,frog_eye_leaf_spot powdery_mildew complex
d0a5970ba92bab96.jpg,rust complex
d0a62996d7e0cab5.jpg,scab frog_eye_leaf_spot complex
d0b734f1bcc1981d.jpg,scab frog_eye_leaf_spot complex
d0b73483d4da0b7c.jpg,scab frog_eye_leaf_spot complex
d0bc1fd438bcb530.jpg,scab frog_eye_leaf_spot complex
d0c766bc38e1978c.jpg,scab complex
d0cea62f9f780495.jpg,frog_eye_leaf_spot complex
d0cf98716466b69c.jpg,complex
d0e1d895ce888cfb.jpg,frog_eye_leaf_spot complex
d0e3c2f7df51880a.jpg,scab frog_eye_leaf_spot complex
d0e05a4eb77921f2.jpg,scab complex
d0e6ce90aee684ec.jpg,scab frog_eye_leaf_spot complex
d0eadd90c19da197.jpg,rust
d0f3ae2db872122e.jpg,scab complex
d0f9cfa045d33349.jpg,frog_eye_leaf_spot
d00f79d9207af067.jpg,scab frog_eye_leaf_spot complex
d1c0c4df0eeccd2c.jpg,scab rust complex
d01c2d27b7922757.jpg,scab complex
d1c5a92c5e2b6372.jpg,rust complex
d02aca982f2f1e37.jpg,scab complex
d2ae6e882498e4fb.jpg,scab complex
d2d823b1c8ccb771.jpg,scab frog_eye_leaf_spot complex
d2f963c30de464e8.jpg,scab complex
d3a407fa4e23f09c.jpg,scab frog_eye_leaf_spot complex
d3a907db6c127782.jpg,frog_eye_leaf_spot powdery_mildew complex
d3b089e760db2f06.jpg,scab complex
d3bfc1646610eea8.jpg,rust complex
d03c82603f6f739a.jpg,frog_eye_leaf_spot complex
d03fe072c99b26cc.jpg,scab complex
d4a430cc663792fe.jpg,scab frog_eye_leaf_spot complex
d4cdda807fe0f190.jpg,frog_eye_leaf_spot complex
d4d6afa93a319216.jpg,scab frog_eye_leaf_spot complex
d4dcce4646e0bd34.jpg,frog_eye_leaf_spot complex
d4eb958689fab130.jpg,scab frog_eye_leaf_spot complex
d4ee2012a5abd2de.jpg,scab frog_eye_leaf_spot complex
d4f0d2b033cc3bcc.jpg,scab frog_eye_leaf_spot complex
d4f6ec925752aa09.jpg,powdery_mildew complex
d5a2cac29d4a4d6d.jpg,scab frog_eye_leaf_spot complex
d5a9c7930b974a86.jpg,scab frog_eye_leaf_spot complex
d5b2c6c99f58b007.jpg,scab frog_eye_leaf_spot complex
d5c2a5daaed2a053.jpg,scab frog_eye_leaf_spot complex
d5cea09688d65db2.jpg,scab complex
d5ddd4403cb29bc4.jpg,rust complex
d5e1c3933ba32187.jpg,rust complex
d5e934df4a480597.jpg,frog_eye_leaf_spot complex
d5ea6530f1e22be0.jpg,scab complex
d5f32a8f6310ae62.jpg,frog_eye_leaf_spot complex
d6b099cfe3063525.jpg,scab complex
d6b636d2096d6c2c.jpg,scab complex
d6bd12ba03ad32d8.jpg,scab complex
d6ee3d9558916413.jpg,scab frog_eye_leaf_spot complex
d7b0640edccba869.jpg,scab frog_eye_leaf_spot complex
d7c8391a178eead0.jpg,scab complex
d7ff3e0830dc20d8.jpg,scab frog_eye_leaf_spot complex
d8c973f3d121d0d1.jpg,rust complex
d8e38d67e724e620.jpg,scab complex
d8e439c4a39e05bd.jpg,scab frog_eye_leaf_spot complex
d08ec37ee1642376.jpg,scab frog_eye_leaf_spot complex
c76a2f9e815a45e8.jpg,scab frog_eye_leaf_spot complex
c79e4a310ef194d5.jpg,rust complex
c080c3d71f70f93b.jpg,rust scab frog_eye_leaf_spot
c83b6692da4b99e4.jpg,scab complex
c87cd4fc3f4a2063.jpg,scab complex
c91fb33e1dc024cb.jpg,scab complex
c092da1adf60fa4b.jpg,scab frog_eye_leaf_spot complex
c130c0c99cb33f6f.jpg,frog_eye_leaf_spot complex
c171f7e1ae7b5001.jpg,scab complex
c198cf2f7a1f850a.jpg,frog_eye_leaf_spot complex
c232bf382f21a55d.jpg,scab frog_eye_leaf_spot complex
c305c9953d7ad03b.jpg,scab complex
c308eb5ecba4d28e.jpg,rust complex
c0333bc3cb13b3d2.jpg,scab frog_eye_leaf_spot complex
c420c4e25f6f3d87.jpg,scab frog_eye_leaf_spot complex
c433bed1642d9de0.jpg,scab frog_eye_leaf_spot complex
c443f090f7c0afda.jpg,complex
c491bf9137de0307.jpg,scab frog_eye_leaf_spot complex
c0823cfe953b4cda.jpg,rust
c880bbdfcb612d62.jpg,scab frog_eye_leaf_spot complex
c934cccb174cc93b.jpg,frog_eye_leaf_spot complex
c937a581977c6f20.jpg,rust complex
c1804d3e1f4eb64f.jpg,scab frog_eye_leaf_spot complex
c2017eabe3c7c4c3.jpg,scab frog_eye_leaf_spot complex
c2671be4390fe839.jpg,scab rust complex
c2962bcc8933e673.jpg,scab rust complex
c3877ad5e0c0e44f.jpg,frog_eye_leaf_spot complex
c4634d87a57e343c.jpg,scab complex
c5171f7a7ad05158.jpg,scab complex
c5181a6327e7d83d.jpg,complex
c5544dc89b387de1.jpg,scab frog_eye_leaf_spot complex
c5600c7f3d5b9a94.jpg,scab frog_eye_leaf_spot complex
c5826a733cd27876.jpg,scab frog_eye_leaf_spot complex
c7473f1aed4242d4.jpg,scab frog_eye_leaf_spot complex
c7892d78322c8cfd.jpg,rust complex
c08773b807f0a76e.jpg,scab frog_eye_leaf_spot complex
c09431b9cced4ee6.jpg,scab frog_eye_leaf_spot complex
c9543b92c3cacf16.jpg,scab frog_eye_leaf_spot complex
c36925f18505fc37.jpg,scab frog_eye_leaf_spot complex
c52225cec6ec46b7.jpg,scab frog_eye_leaf_spot complex
c56943d8a983fa96.jpg,frog_eye_leaf_spot complex
c59634d79725d183.jpg,scab frog_eye_leaf_spot complex
c68512cfcb66915b.jpg,frog_eye_leaf_spot complex
c75392de6cea2a21.jpg,frog_eye_leaf_spot complex
c77960e1c343c6b6.jpg,scab frog_eye_leaf_spot complex
c087309bc278efe6.jpg,scab frog_eye_leaf_spot complex
c88637cdd038f9e8.jpg,scab complex
c530324bafc7729a.jpg,scab frog_eye_leaf_spot complex
c733605f3ac572a2.jpg,scab frog_eye_leaf_spot complex
c963215ea5ad3665.jpg,scab complex
ca1be18029db0bfe.jpg,rust complex
ca361fce6abe00cc.jpg,complex
ca782c131f5ce0fc.jpg,scab complex
caa774ba95f08895.jpg,frog_eye_leaf_spot complex
cb927f8cc06cd952.jpg,scab complex
cbc96e1750a613bc.jpg,scab frog_eye_leaf_spot complex
cbfa218f81268e8f.jpg,rust frog_eye_leaf_spot complex
cc1e616693ec3f82.jpg,scab frog_eye_leaf_spot complex
cc8f1dd8ea243b0e.jpg,scab frog_eye_leaf_spot complex
cc816d92f42d4af6.jpg,scab frog_eye_leaf_spot complex
cc939795b5a5292a.jpg,rust complex
cc0968589cbfb98d.jpg,rust complex
ccaec1876b61f498.jpg,scab frog_eye_leaf_spot complex
ccbcb1be9a30b4c2.jpg,frog_eye_leaf_spot complex
ccf492cb8eacb988.jpg,scab frog_eye_leaf_spot complex
ccfbb5b9407b3090.jpg,scab frog_eye_leaf_spot complex
cd2f1851478fd88b.jpg,frog_eye_leaf_spot complex
cd8cc63ce5d42783.jpg,frog_eye_leaf_spot complex
cd8facf8e0616135.jpg,scab frog_eye_leaf_spot complex
cd9c64ec1964cdd8.jpg,scab frog_eye_leaf_spot complex
cd10d6dfdb9a880a.jpg,scab rust frog_eye_leaf_spot complex
cd27ce297630c761.jpg,rust frog_eye_leaf_spot complex
cd51d0cd9edbc80a.jpg,scab rust frog_eye_leaf_spot complex
cd902cf031e2f787.jpg,scab frog_eye_leaf_spot complex
cd9698463a3df270.jpg,scab frog_eye_leaf_spot complex
cda0c3db329b138e.jpg,scab frog_eye_leaf_spot complex
cdcc0c8fe8bec909.jpg,scab complex
cdd2061e3e25ccf8.jpg,frog_eye_leaf_spot complex
c0f6d6c0cdd5331a.jpg,frog_eye_leaf_spot complex
c0f8ece8af02cb0f.jpg,frog_eye_leaf_spot complex
c0f8858c7f1e720f.jpg,scab complex
c00f37793e3d31b0.jpg,frog_eye_leaf_spot complex
c0fbc8297ccb0e3c.jpg,scab rust frog_eye_leaf_spot complex
c0ff609c8c69d8d5.jpg,scab frog_eye_leaf_spot complex
c1a56069de75b899.jpg,complex
c1a972977e88b49c.jpg,scab frog_eye_leaf_spot complex
c1af2ae2e370c6e1.jpg,scab frog_eye_leaf_spot complex
c1af3ada59a0a555.jpg,frog_eye_leaf_spot complex
c1e0d943f5256a9b.jpg,scab complex
c1e7dc1f60893f81.jpg,scab
c1ef2bda60292537.jpg,scab frog_eye_leaf_spot complex
c2ccaf86b8d9549a.jpg,rust complex
c2f2beed3a8e40e0.jpg,scab frog_eye_leaf_spot complex
c2f4cb8e1265675c.jpg,scab frog_eye_leaf_spot complex
c2f5cea0b18bccc9.jpg,scab frog_eye_leaf_spot complex
c3b555e0aed194cc.jpg,scab complex
c3bacd372c2312cb.jpg,complex
c3cae2f0f2a46c5c.jpg,scab frog_eye_leaf_spot complex
c3d387b05ab1db82.jpg,scab frog_eye_leaf_spot complex
c3f2363f645652e0.jpg,scab frog_eye_leaf_spot complex
c4a29529587637b7.jpg,frog_eye_leaf_spot complex
c4b685c56c79d235.jpg,scab frog_eye_leaf_spot complex
c4c711f2b71e6c0d.jpg,rust complex
c4dad3b3b4852867.jpg,scab frog_eye_leaf_spot complex
c5a1309e4bb8bf19.jpg,complex
c5aff2e545d0a129.jpg,scab complex
c5b72c2a24924df7.jpg,scab frog_eye_leaf_spot complex
c5b836e660fa30bc.jpg,scab frog_eye_leaf_spot complex
c5b097983f1f270c.jpg,scab complex
c5c32ff68c3cc8d0.jpg,scab frog_eye_leaf_spot complex
c5c39a8d6f723432.jpg,scab frog_eye_leaf_spot complex
c5ccdee54263661a.jpg,scab frog_eye_leaf_spot complex
c5ce0dc3f197321a.jpg,scab rust
c5d171c182aaed3b.jpg,scab frog_eye_leaf_spot
c5db8f8b19c06167.jpg,scab complex
c5dd359660ef0299.jpg,scab frog_eye_leaf_spot complex
c5e4f43f273ca281.jpg,scab rust complex
c5f0c0c33a35f5e2.jpg,scab frog_eye_leaf_spot complex
c5fb74a23fd31402.jpg,scab frog_eye_leaf_spot complex
c6b4b491f27e4349.jpg,frog_eye_leaf_spot complex
c6b833780fe5c34a.jpg,scab frog_eye_leaf_spot complex
c06bbd9465f168a9.jpg,frog_eye_leaf_spot complex
c6c30af8bbe84db0.jpg,scab complex
c7b842e578ce446b.jpg,scab frog_eye_leaf_spot complex
c7d07f6865147668.jpg,scab frog_eye_leaf_spot complex
c7e8d29d382268f3.jpg,frog_eye_leaf_spot complex
c7e567c9cd053898.jpg,scab complex
c7f00b736c8943b3.jpg,scab frog_eye_leaf_spot complex
c7f8dcc04bc44a2f.jpg,scab frog_eye_leaf_spot complex
c7fc86c4a505936e.jpg,scab frog_eye_leaf_spot complex
c8a92525cadf055f.jpg,scab frog_eye_leaf_spot complex
c8c3a90eb17b7962.jpg,scab frog_eye_leaf_spot complex
c8c03ddfeb881f09.jpg,scab powdery_mildew complex
c8c2359eca389be3.jpg,scab frog_eye_leaf_spot complex
c8cd3cd8c26b971a.jpg,frog_eye_leaf_spot complex
c8d15fc06f6c0774.jpg,scab frog_eye_leaf_spot complex
c8e373317ae003dd.jpg,scab frog_eye_leaf_spot complex
c9a8c1d797d24aca.jpg,scab frog_eye_leaf_spot complex
c9d63696629107ed.jpg,scab complex
c09da53cc757427a.jpg,scab frog_eye_leaf_spot complex
c9e5e7cc99b8830a.jpg,powdery_mildew complex
c9e8478782b6b1c7.jpg,scab frog_eye_leaf_spot complex
c09f2d9834a9f2ec.jpg,scab frog_eye_leaf_spot complex
c09f3b9079dbd086.jpg,scab frog_eye_leaf_spot complex
c19e789a0ebe2ad1.jpg,scab frog_eye_leaf_spot complex
c20e2ecadf2436da.jpg,scab frog_eye_leaf_spot complex
c24f36360fc78fa0.jpg,scab powdery_mildew complex
c26d786f2a8a5b91.jpg,scab complex
c26e3f0170abb19d.jpg,scab rust frog_eye_leaf_spot complex
c035cf736182b2fa.jpg,rust complex
c39a3feca4a6de00.jpg,scab frog_eye_leaf_spot complex
c43f9887255e7558.jpg,scab frog_eye_leaf_spot complex
c49ccecb0db79c30.jpg,scab complex
c50e9333695d3d64.jpg,scab frog_eye_leaf_spot complex
c51a77312e5634b6.jpg,scab frog_eye_leaf_spot
c55bdc8b29255635.jpg,scab frog_eye_leaf_spot complex
c61f3648264d978f.jpg,scab rust complex
c67a01efc3374b60.jpg,scab frog_eye_leaf_spot complex
bd8783868b8f628d.jpg,scab frog_eye_leaf_spot
b4699669ca2dda86.jpg,scab powdery_mildew complex
b5394551dd25eb50.jpg,scab frog_eye_leaf_spot complex
b8708635c951e55f.jpg,scab frog_eye_leaf_spot complex
ba1a5fcc262aa783.jpg,scab frog_eye_leaf_spot complex
ba2cca9a4dd83366.jpg,scab frog_eye_leaf_spot powdery_mildew complex
ba99260ef46b18cb.jpg,scab rust
baa2ddb051246bb5.jpg,scab frog_eye_leaf_spot complex
baa889ec267a5e1c.jpg,scab frog_eye_leaf_spot complex
bac14e6fb04a91d3.jpg,scab frog_eye_leaf_spot
baebf0f58010cd93.jpg,frog_eye_leaf_spot complex
baf0d7c0ca1fdd00.jpg,scab frog_eye_leaf_spot complex
bb1ce326ccb92645.jpg,scab complex
bb85c71e6903c7a4.jpg,scab frog_eye_leaf_spot complex
bb1891fa8c61e663.jpg,scab rust
bba472c49b1a196b.jpg,scab frog_eye_leaf_spot complex
bbb9d4980dac9269.jpg,frog_eye_leaf_spot complex
bc7cc4d08d95b3c1.jpg,scab frog_eye_leaf_spot complex
bc8d94cad7cb2b02.jpg,scab frog_eye_leaf_spot
bc10a5b4dc15f1ec.jpg,scab rust complex
bc36c098a38ad9ee.jpg,scab complex
bc89c0038b979de7.jpg,rust frog_eye_leaf_spot complex
bc7388f2070f7236.jpg,rust complex
bc8355deab0c42f8.jpg,rust frog_eye_leaf_spot complex
bc8670cd65a08b7b.jpg,scab rust complex
bca034d5c90f837d.jpg,scab frog_eye_leaf_spot complex
bcaada046ab023fb.jpg,scab frog_eye_leaf_spot complex
bcb0c0d08fadccd9.jpg,scab frog_eye_leaf_spot complex
bcb5665e1aa21e38.jpg,scab frog_eye_leaf_spot complex
bce384c348763a37.jpg,scab frog_eye_leaf_spot complex
bcead055c9062dd3.jpg,scab frog_eye_leaf_spot complex
bcf289a52965728b.jpg,scab complex
bd2cd3d84b5d0ca2.jpg,scab rust
bd3cc3dc0cd36093.jpg,powdery_mildew
bd7ac0a58eb0da92.jpg,scab complex
bd7b83e01a8079cd.jpg,scab frog_eye_leaf_spot complex
bd13f89ae98809dc.jpg,scab frog_eye_leaf_spot complex
bd14f1838a65b6c9.jpg,scab frog_eye_leaf_spot complex
bd20c3873fdc6832.jpg,scab frog_eye_leaf_spot
bd23c58b189b531d.jpg,frog_eye_leaf_spot powdery_mildew complex
bd26d04fcbb10dd0.jpg,scab frog_eye_leaf_spot complex
bd90dece2f240b83.jpg,scab
bd97c3018037de35.jpg,scab frog_eye_leaf_spot
bd25252ff090b9e8.jpg,scab complex
bda08481484afffd.jpg,scab frog_eye_leaf_spot complex
bdb5c0b483a59a4b.jpg,scab
bdc0cfb64eb802aa.jpg,scab frog_eye_leaf_spot
be7ef6d45ac18401.jpg,rust scab frog_eye_leaf_spot
be8ee0f09740f616.jpg,scab frog_eye_leaf_spot complex
be8f90593134d3cc.jpg,scab frog_eye_leaf_spot complex
be69c4d587845d8a.jpg,scab frog_eye_leaf_spot complex
be792487604ef08f.jpg,scab rust complex
beb542f99608d2ac.jpg,scab frog_eye_leaf_spot complex
bec1bf39904b00af.jpg,scab frog_eye_leaf_spot
bf3ac990c886ec8e.jpg,scab frog_eye_leaf_spot
bf7e9ec08081f9c2.jpg,rust complex
bf8fdcf0dc2060b0.jpg,frog_eye_leaf_spot complex
bf9ac0e9c6628633.jpg,scab complex
bf22f63ed33ac010.jpg,scab rust complex
bf76e8d3c0c045c5.jpg,scab frog_eye_leaf_spot
bf90c1f68ae43594.jpg,scab frog_eye_leaf_spot complex
bf6996b29bd71004.jpg,frog_eye_leaf_spot complex
bf558341cda1e592.jpg,scab frog_eye_leaf_spot complex
bf6983943d3c3324.jpg,scab frog_eye_leaf_spot complex
bfa889db9e03120f.jpg,scab complex
bfc0c11f9832a576.jpg,scab frog_eye_leaf_spot complex
bfc94207f5393425.jpg,frog_eye_leaf_spot complex
bfe0c39e9c396007.jpg,scab frog_eye_leaf_spot complex
c0a13f9fca159a71.jpg,scab rust frog_eye_leaf_spot complex
c0b6cd571cfb021b.jpg,scab frog_eye_leaf_spot
c0b665ed587278c3.jpg,scab frog_eye_leaf_spot complex
c0b990f331677b4c.jpg,scab rust complex
c0bb3b5b0fc600de.jpg,scab frog_eye_leaf_spot complex
c0c2e9d3953b3e2a.jpg,scab frog_eye_leaf_spot complex
c0c62f918de5bc0f.jpg,scab complex
c0c75c137efdc221.jpg,scab complex
c0cac1de1be46f64.jpg,frog_eye_leaf_spot complex
c0cc3188dcad5fd5.jpg,scab complex
c0e483e1dc437e4f.jpg,scab frog_eye_leaf_spot complex
c0ef3dc23ea5812e.jpg,scab frog_eye_leaf_spot
b9b1e016b45d5a8b.jpg,scab frog_eye_leaf_spot complex
b9e5c39f99129294.jpg,scab frog_eye_leaf_spot complex
b9e8f2950a194f35.jpg,scab rust complex
b9fdf8d8d0058496.jpg,frog_eye_leaf_spot powdery_mildew complex
b14dc0eacf6aa615.jpg,scab frog_eye_leaf_spot complex
b20ca85e127dbe65.jpg,scab rust complex
b026c983c5cf4fcc.jpg,scab frog_eye_leaf_spot complex
b035dfe1929e6518.jpg,scab frog_eye_leaf_spot complex
b37c82f08faee484.jpg,rust frog_eye_leaf_spot complex
b39f8081dee76306.jpg,scab frog_eye_leaf_spot complex
b41fd3fc9d0d9044.jpg,scab rust
b42bc0fc03f09fe2.jpg,frog_eye_leaf_spot complex
b43f9b2566f2101d.jpg,scab frog_eye_leaf_spot complex
b48a8a973df070c7.jpg,scab frog_eye_leaf_spot complex
b49c834f8d86f1e1.jpg,scab frog_eye_leaf_spot
b53b8733d03658d2.jpg,scab complex
b53c9ab0c9e4f0c9.jpg,scab frog_eye_leaf_spot
b54bd839597082bd.jpg,frog_eye_leaf_spot complex
b55be3cccd85051a.jpg,rust complex
b56cc2920d5b197d.jpg,frog_eye_leaf_spot complex
b56df0e2c98a4b0b.jpg,scab frog_eye_leaf_spot complex
b58ac5386e4534cf.jpg,scab frog_eye_leaf_spot complex
b58f8fdc28303267.jpg,scab frog_eye_leaf_spot
b61ac2b8cd40af73.jpg,scab frog_eye_leaf_spot complex
b61ac17d0fe18ca3.jpg,scab frog_eye_leaf_spot
b61ec1e48c6372d9.jpg,scab frog_eye_leaf_spot complex
b66f83d08c91a89f.jpg,frog_eye_leaf_spot complex
b68d8d1c396c1f86.jpg,scab frog_eye_leaf_spot
b73e3a42e9287370.jpg,scab frog_eye_leaf_spot complex
b77f89b095c05b84.jpg,scab frog_eye_leaf_spot complex
b78db3b290ca41e6.jpg,scab frog_eye_leaf_spot complex
b81ee29c56d3c662.jpg,powdery_mildew complex
b085cbe40f463ef1.jpg,scab rust frog_eye_leaf_spot complex
b86b027cc71ace39.jpg,scab frog_eye_leaf_spot complex
b090e776d625d427.jpg,scab complex
b121e5bf19d064b6.jpg,scab frog_eye_leaf_spot complex
b166f1c9c0a6656d.jpg,scab frog_eye_leaf_spot complex
b183de92d1381b6e.jpg,scab frog_eye_leaf_spot complex
b247ccfc06bfe808.jpg,scab frog_eye_leaf_spot complex
b410c2f39752d8cf.jpg,scab frog_eye_leaf_spot complex
b416cddcdab30970.jpg,scab frog_eye_leaf_spot complex
b424d0ff4f832437.jpg,scab frog_eye_leaf_spot powdery_mildew complex
b465b1c2c3dad689.jpg,scab frog_eye_leaf_spot complex
b467c61e1cb3634c.jpg,scab frog_eye_leaf_spot complex
b473c289ce6c2e36.jpg,scab frog_eye_leaf_spot complex
b474d0c39eaaad0d.jpg,scab frog_eye_leaf_spot complex
b498c269bc25badc.jpg,scab frog_eye_leaf_spot
b532cb60c5e98dc3.jpg,scab frog_eye_leaf_spot complex
b536d2f5612792c1.jpg,scab frog_eye_leaf_spot complex
b586c89971656697.jpg,scab frog_eye_leaf_spot complex
b590c385cb36ce5a.jpg,frog_eye_leaf_spot complex
b591e2bbc1e1cf01.jpg,frog_eye_leaf_spot complex
b602d6e6487c3c9d.jpg,scab rust frog_eye_leaf_spot complex
b647c9782c742787.jpg,scab frog_eye_leaf_spot complex
b676e0c70287dfa0.jpg,scab frog_eye_leaf_spot complex
b687c6f14fe129c0.jpg,frog_eye_leaf_spot complex
b688c7b40b347ab5.jpg,rust complex
b703c3ff59b84103.jpg,frog_eye_leaf_spot powdery_mildew complex
b720d2f4c2e496a7.jpg,scab frog_eye_leaf_spot complex
b818dbed00ed62da.jpg,scab frog_eye_leaf_spot complex
b828a6df0ed066f4.jpg,scab rust complex
b834c0d0c39e4fde.jpg,scab rust frog_eye_leaf_spot complex
b897eaf0742c701d.jpg,rust frog_eye_leaf_spot complex
b1711ad0e56e0f0f.jpg,scab frog_eye_leaf_spot
b4778f21950f270b.jpg,scab powdery_mildew complex
b5614fb58d72842b.jpg,scab frog_eye_leaf_spot complex
b5984a650ee6ba27.jpg,rust frog_eye_leaf_spot complex
b9802bdf905fc239.jpg,scab complex
b45334ea3ff44416.jpg,scab rust
b52722c11c4f7cf8.jpg,scab frog_eye_leaf_spot complex
b53542d28b699f89.jpg,scab frog_eye_leaf_spot complex
b63407ca87c51d97.jpg,scab frog_eye_leaf_spot complex
b66794d7c08a4f64.jpg,scab frog_eye_leaf_spot complex
b76892ed4985ed84.jpg,scab frog_eye_leaf_spot complex
b78487ca4dbc4c6c.jpg,scab frog_eye_leaf_spot complex
b82207f7da786465.jpg,scab frog_eye_leaf_spot complex
b095893ab6533ab9.jpg,frog_eye_leaf_spot complex
b381995fd87c5146.jpg,frog_eye_leaf_spot complex
b498824ddd3cf236.jpg,scab rust frog_eye_leaf_spot complex
b830039f5f686b87.jpg,scab frog_eye_leaf_spot complex
a5b596d6dd433034.jpg,frog_eye_leaf_spot complex
a5bccc6c0ce4fc4c.jpg,scab rust complex
a5c0b7d65aba6912.jpg,scab frog_eye_leaf_spot complex
a5c4a2d1ea4638ef.jpg,scab frog_eye_leaf_spot complex
ad0f8a4ede349c34.jpg,rust frog_eye_leaf_spot complex
b1a16ed8b59a8237.jpg,scab frog_eye_leaf_spot complex
b1b869674661e9e2.jpg,frog_eye_leaf_spot complex
b1bcb19a18d1b8cd.jpg,scab frog_eye_leaf_spot complex
b1c26f7c656c6324.jpg,frog_eye_leaf_spot complex
b1d594484ef3d196.jpg,frog_eye_leaf_spot complex
b1e48dee448acf1a.jpg,scab frog_eye_leaf_spot complex
b1f5e1c10f1d7c84.jpg,scab complex
b2a6eb5f25a2a452.jpg,scab frog_eye_leaf_spot complex
b2a1478e59eb3b05.jpg,frog_eye_leaf_spot complex
b2aa71ebc7dac480.jpg,scab complex
b2afc6117171e5c1.jpg,scab rust frog_eye_leaf_spot complex
b2c84bcdb98e2e26.jpg,scab frog_eye_leaf_spot complex
b2cbe09212dad795.jpg,scab rust frog_eye_leaf_spot complex
b2e6c70f8cb91c85.jpg,scab
b2fed0ea688e2c52.jpg,scab frog_eye_leaf_spot complex
b3cafd520ba0598d.jpg,scab frog_eye_leaf_spot powdery_mildew complex
b03e87c1d64f1f18.jpg,scab frog_eye_leaf_spot complex
b3ef8199b93a0646.jpg,scab frog_eye_leaf_spot complex
b4a1e947ce2d1e54.jpg,scab rust frog_eye_leaf_spot complex
b4a4b2a29b6b493d.jpg,scab frog_eye_leaf_spot complex
b4a5e89a872d1c6e.jpg,rust frog_eye_leaf_spot complex
b4a55b452dadf209.jpg,scab rust frog_eye_leaf_spot complex
b4aed33a8323cc4b.jpg,scab frog_eye_leaf_spot complex
b4af82b18fd24ac9.jpg,rust frog_eye_leaf_spot complex
b4b0c09e77cf3324.jpg,scab frog_eye_leaf_spot
b4b0c6284ee1a7cf.jpg,frog_eye_leaf_spot complex
b4b6d2c96dad4066.jpg,scab frog_eye_leaf_spot complex
b4b6874f497da700.jpg,scab complex
b4c56dde869c0b32.jpg,scab frog_eye_leaf_spot complex
b4dfd2d2683cc4c2.jpg,scab complex
b4e1c0fdc749de08.jpg,rust
b4e5ca191af419d3.jpg,frog_eye_leaf_spot powdery_mildew complex
b4e5cac33e75248a.jpg,scab complex
b4e634c169636d71.jpg,scab
b4fa9693cb0b4507.jpg,scab frog_eye_leaf_spot complex
b4faa6944d27cc98.jpg,rust complex
b4fb90d0435bc555.jpg,frog_eye_leaf_spot complex
b4ff21c89b09cd4c.jpg,scab frog_eye_leaf_spot complex
b5a88ac56dbc2c6a.jpg,frog_eye_leaf_spot powdery_mildew complex
b5aab0d5914abb98.jpg,scab rust frog_eye_leaf_spot complex
b5abd6cfc12a2415.jpg,scab frog_eye_leaf_spot complex
b5adcaeac1695258.jpg,frog_eye_leaf_spot complex
b5aef6c1aa156922.jpg,scab frog_eye_leaf_spot complex
b5b0f48e17256f48.jpg,scab frog_eye_leaf_spot complex
b5b2f8855aa3b84a.jpg,frog_eye_leaf_spot complex
b5b6831dca7c684a.jpg,scab frog_eye_leaf_spot complex
b5c0f2b59a85d1a9.jpg,scab frog_eye_leaf_spot complex
b5c6cc989a9a9371.jpg,frog_eye_leaf_spot complex
b5cdd25899a69394.jpg,frog_eye_leaf_spot complex
b5d2da4c7e342235.jpg,scab frog_eye_leaf_spot complex
b5d2ef30833da80d.jpg,scab frog_eye_leaf_spot complex
b5d4c10a9ab157ae.jpg,scab frog_eye_leaf_spot complex
b5e1c297cf9a8449.jpg,scab frog_eye_leaf_spot complex
b5e5c1bad09a15b8.jpg,scab frog_eye_leaf_spot complex
b5e9d286da244567.jpg,scab frog_eye_leaf_spot complex
b5e11248e1333fce.jpg,frog_eye_leaf_spot complex
b5e258171d9678b8.jpg,scab frog_eye_leaf_spot complex
b05f82db0a733837.jpg,rust complex
b05f943568c2f599.jpg,scab frog_eye_leaf_spot complex
b6a5921faf42e1b0.jpg,frog_eye_leaf_spot complex
b6ac36ad8bc0a31e.jpg,rust frog_eye_leaf_spot complex
b6bc93de64578888.jpg,scab frog_eye_leaf_spot complex
b6e4c08ad53b7529.jpg,scab frog_eye_leaf_spot complex
b06ed2a49bb694b1.jpg,rust complex
b07af06ecde90f20.jpg,frog_eye_leaf_spot complex
b7bc8e98bc213741.jpg,scab frog_eye_leaf_spot complex
b7d8c3f16c9ace00.jpg,scab complex
b7e5c8c04cf9b928.jpg,frog_eye_leaf_spot complex
b7f6e2c2801f2a35.jpg,frog_eye_leaf_spot complex
b7f0857785e300a7.jpg,scab frog_eye_leaf_spot complex
b8aa92b233e1cc5d.jpg,scab rust complex
b8bcc1f04e87269d.jpg,scab rust complex
b08dcfe2e4c2a758.jpg,scab complex
b8f485c39ef2b0c1.jpg,frog_eye_leaf_spot complex
b9b0c8c89ada1b57.jpg,frog_eye_leaf_spot complex
