0,1,2
800f85dc5f407aef.jpg,Train_64.jpg,
803f899768b5b789.jpg,Train_394.jpg,
807947b90eb77856.jpg,Train_1256.jpg,
808c7cabba2f9572.jpg,Train_1560.jpg,
809c3fc2796fd84a.jpg,Train_45.jpg,
80b0c5d6d7ce83dc.jpg,Train_1441.jpg,
80e0754ad0ef1f1f.jpg,Train_455.jpg,
80f16ecf7844c5b5.jpg,Train_798.jpg,
81b3556b9595ab4c.jpg,Train_1205.jpg,
81d0d0c77d4762cf.jpg,Train_1602.jpg,
81d73f1de24626ac.jpg,Train_624.jpg,
81e293df16992cb9.jpg,Train_1053.jpg,
8277c79e9c9ab803.jpg,Train_87.jpg,
82798f32ab063ecd.jpg,Train_999.jpg,
82f49a4a7b9585f1.jpg,Train_1185.jpg,
82f535ab5a31a5ca.jpg,Train_1628.jpg,
830f26cc6d3cd13e.jpg,Train_1311.jpg,
831abdc76c05e23d.jpg,Train_975.jpg,
83427bb785643e99.jpg,Train_1324.jpg,
836d1ac6ca35dd92.jpg,Train_1796.jpg,
83705953c74517d7.jpg,Train_567.jpg,
8381c319657dfb68.jpg,Train_506.jpg,
838397476a6b323d.jpg,Train_1802.jpg,
84329a65b5ee78f0.jpg,Train_1352.jpg,
845b4ea19d3259bd.jpg,Train_231.jpg,
846b97a01ebd0bbc.jpg,Train_314.jpg,
848c69e666cd5d5a.jpg,Train_346.jpg,
84d7fe5c7c0c43c2.jpg,Train_1510.jpg,
850367cf187768d6.jpg,Train_1332.jpg,
85517e75c3b21ea4.jpg,Train_754.jpg,
856339e4d939c6d8.jpg,Train_333.jpg,
8572eb8d1225c33f.jpg,Train_453.jpg,
858539cb724fa8b6.jpg,Train_1307.jpg,
858efee1ed00e05e.jpg,Train_764.jpg,
859b5d802ded92e5.jpg,Train_668.jpg,
85bf39e025c7c41e.jpg,Train_1486.jpg,
85dfc22c76240f73.jpg,Train_865.jpg,
85e16fe5685a5670.jpg,Train_1606.jpg,
85e36e1b30afca61.jpg,Train_957.jpg,
86977a4aa7a4d25a.jpg,Train_189.jpg,
86f977df90306ac0.jpg,Train_1686.jpg,
872135cb90bc79b6.jpg,Train_279.jpg,
873407b3fe462935.jpg,Train_519.jpg,
8774bd86b996889a.jpg,Train_1225.jpg,
87803bc0e9c7b43f.jpg,Train_1302.jpg,
87831fd7b52e0274.jpg,Train_536.jpg,
87851bc59ace671a.jpg,Train_193.jpg,
87e3d0c12a7ba995.jpg,Train_1591.jpg,
881b4dba7731b362.jpg,Train_1699.jpg,
885e1bc6a3674eb1.jpg,Train_718.jpg,
888878ec8df5f0f4.jpg,Train_1492.jpg,
88d5cc6b672d3394.jpg,Train_1732.jpg,
88e3af0caa9e497c.jpg,Train_889.jpg,
88eab80fe92c633e.jpg,Train_37.jpg,
894f34daad6d3621.jpg,Train_623.jpg,
8958ae67d2a55267.jpg,Train_976.jpg,
8989898f8f8e2c7e.jpg,Train_1235.jpg,
89a07b36334ef269.jpg,Train_36.jpg,
89afafc40142e36f.jpg,Train_1764.jpg,
89bf2f7258719624.jpg,Train_911.jpg,
8ab3ca425a7ca5ad.jpg,Train_1087.jpg,
8aca92c9b1c9759d.jpg,Train_1022.jpg,
8ae697e621956571.jpg,Train_1738.jpg,
8af61aa1f9398ce4.jpg,Train_643.jpg,
8b534adf4c8a3c35.jpg,Train_1567.jpg,
8ba8649c9974e99b.jpg,Train_728.jpg,
8bba6a6554da833c.jpg,Train_612.jpg,
8bc23d6d65b5ec04.jpg,Train_1037.jpg,
8bd36ac5d1306cce.jpg,Train_1574.jpg,
8bdf70c0803feda1.jpg,Train_743.jpg,
8c1e1f6ec9330877.jpg,Train_223.jpg,
8c539728dbb64bd0.jpg,Train_289.jpg,
8cf8c19c78b735c2.jpg,Train_715.jpg,
8d1eb4d2869fda81.jpg,Train_557.jpg,
8d4c3e7bc3ae8c88.jpg,Train_206.jpg,
8dfa3ac7c2e04653.jpg,Train_822.jpg,
8e5a7469cce9c931.jpg,Train_1469.jpg,
8e78fa35c31587c4.jpg,Train_726.jpg,
8f094bd7807a339e.jpg,Train_594.jpg,
8f25789f673025ca.jpg,Train_1714.jpg,
8f56d48dad986153.jpg,Train_912.jpg,
8f58cc94917738a7.jpg,Train_1423.jpg,
8fbc33c7895a330c.jpg,Train_1147.jpg,
8ff160e487b18e1d.jpg,Train_1073.jpg,
9005d36127b0f77b.jpg,Train_837.jpg,
9068d8d07d787765.jpg,Train_1262.jpg,
90b626d6d2e8cfa2.jpg,Train_913.jpg,
90b97a0e1d3e60fa.jpg,Train_1394.jpg,
90d6618fd626f712.jpg,Train_23.jpg,
90e61d52cd97746c.jpg,Train_342.jpg,
90f3c04f4d6ebc98.jpg,Train_741.jpg,
910d36e85b12f1b7.jpg,Train_553.jpg,
918132e1f343f93e.jpg,Train_1722.jpg,
9187bc815e755a9c.jpg,Train_1187.jpg,
91b27ad271c9c719.jpg,Train_1264.jpg,
91dc586ccab5859e.jpg,Train_735.jpg,
924b82cd86edae8e.jpg,Train_486.jpg,
92613acfe33c8b70.jpg,Train_456.jpg,
928524ea9778cb9e.jpg,Train_493.jpg,
9291d9cec42d8e4f.jpg,Train_1323.jpg,
92cf6f6c4492ed41.jpg,Train_1487.jpg,
92d47ae761f0c83a.jpg,Train_1406.jpg,
92e997918ebaa2a3.jpg,Train_313.jpg,
92ed68e5833bd831.jpg,Train_1536.jpg,
931c5a9c786b823f.jpg,Train_1797.jpg,
9325f264bc255e3a.jpg,Train_1422.jpg,
94302f96e10f3b6b.jpg,Train_194.jpg,
9484d4cc615a6f7b.jpg,Train_102.jpg,
949c6a6da17577c0.jpg,Train_1491.jpg,
94ad6bd1f5903616.jpg,Train_1106.jpg,
94da5ebd8646506b.jpg,Train_1786.jpg,
94dc58a4cae1677a.jpg,Train_1161.jpg,
94f4d5869bb490f8.jpg,Train_128.jpg,
9509cd594073b3f5.jpg,Train_1267.jpg,
951c6b68c0d1b5ed.jpg,Train_876.jpg,
951f7ba97243cc12.jpg,Train_1773.jpg,
952a2e7cf279508d.jpg,Train_1172.jpg,
952be361b47c48f2.jpg,Train_705.jpg,
956b589d524c63b5.jpg,Train_302.jpg,
957ac48bc5996a9c.jpg,Train_560.jpg,
95ac844d6ac97ab5.jpg,Train_700.jpg,
95ac93e87a9744d1.jpg,Train_1321.jpg,
95b0ca6c25bd3e92.jpg,Train_900.jpg,
95d9b7395a846a64.jpg,Train_96.jpg,
96507e7595ea2954.jpg,Train_613.jpg,
96955e87649ea43a.jpg,Train_1579.jpg,
969cc393c3526b1e.jpg,Train_1805.jpg,
96a676c2a8bfc950.jpg,Train_1629.jpg,
96abab3ab9561514.jpg,Train_1088.jpg,
97096a398d55d44f.jpg,Train_39.jpg,
9734517c93495e63.jpg,Train_732.jpg,
97a3789e815c8fe0.jpg,Train_1736.jpg,
97c36b7ccaa15641.jpg,Train_978.jpg,
981865bff104ba6d.jpg,Train_1455.jpg,
98779993c891e48f.jpg,Train_71.jpg,
98901078eb81b7ff.jpg,Train_21.jpg,
98f2cde2e0e5e3c0.jpg,Train_108.jpg,
9924d1727fd32c86.jpg,Train_1811.jpg,
994c670ff338c233.jpg,Train_462.jpg,
995b39b52266626b.jpg,Train_965.jpg,
998257be202d9767.jpg,Train_1071.jpg,
9a0ece7b81b8b32a.jpg,Train_228.jpg,
9a76aa9da3592d11.jpg,Train_92.jpg,
9a9f2e6003cb976c.jpg,Train_385.jpg,
9aaa601f25d2b68f.jpg,Train_629.jpg,
9af86cc0e38dd156.jpg,Train_682.jpg,
9b0270ec99d0676f.jpg,Train_779.jpg,
9b969e916cd54c26.jpg,Train_873.jpg,
9bb9694b8e09e6a2.jpg,Train_1545.jpg,
9c16d6696af1211f.jpg,Train_31.jpg,
9c309a8b35313abf.jpg,Train_1290.jpg,
9c68e27cf8274347.jpg,Train_1550.jpg,
9c8e3773c3901b65.jpg,Train_1425.jpg,
9c9af6de6421a463.jpg,Train_323.jpg,
9c9f21948b7a98da.jpg,Train_416.jpg,
9ca1158f3927c35e.jpg,Train_156.jpg,
9cd8737391d5c960.jpg,Train_132.jpg,
9d05618f3c77a456.jpg,Train_1689.jpg,
9d07ea216161cf2f.jpg,Train_1021.jpg,
9d4bb55d88dd4289.jpg,Train_59.jpg,
9d5460c8e7b35ca6.jpg,Train_133.jpg,
9d70c2b557a8ba07.jpg,Train_1330.jpg,
9d7238c8a50b4ef5.jpg,Train_218.jpg,
9d986012da6c95fb.jpg,Train_472.jpg,
9dda402577d1c8da.jpg,Train_1222.jpg,
9df49586a56e2c98.jpg,Train_277.jpg,
9e501ca1739f9fc0.jpg,Train_1726.jpg,
9e687fc5724d2298.jpg,Train_1121.jpg,
9ee390fd18622795.jpg,Train_1231.jpg,
9ef52b2fe0c4944a.jpg,Train_738.jpg,
9f0d920dc46cc36f.jpg,Train_6.jpg,
9f833a4ac2b91f31.jpg,Train_534.jpg,
a029a1f8cd99d79a.jpg,Train_34.jpg,
a0a99ce57b4e616c.jpg,Train_1244.jpg,
a0d79b991b79a0b8.jpg,Train_1573.jpg,
a1749502de2faa9e.jpg,Train_1524.jpg,
a194c734b2996bad.jpg,Train_1326.jpg,
a1f06c6c5a566d4e.jpg,Train_1708.jpg,
a21b6906be2be3c5.jpg,Train_233.jpg,
a263f418785f09f6.jpg,Train_492.jpg,
a26bd8e27025b3bc.jpg,Train_1642.jpg,
a2da383b31c99e65.jpg,Train_652.jpg,
a2fec51e923c3cc1.jpg,Train_331.jpg,
a37bd4a0d8d67648.jpg,Train_1263.jpg,
a3a59251b95aeb13.jpg,Train_1471.jpg,
a4383e4e50fdad83.jpg,Train_1011.jpg,
a4cfe095695565a5.jpg,Train_875.jpg,
a4e131f27246eb35.jpg,Train_1752.jpg,
a4e5d2c88f25d935.jpg,Train_1428.jpg,
a4e689347133f98e.jpg,Train_1314.jpg,
a4f9ce2dcb48c51a.jpg,Train_586.jpg,
a56af43d3cb0a296.jpg,Train_1584.jpg,
a5b63641aa3a65cd.jpg,Train_554.jpg,
a5c9d1d96a336463.jpg,Train_1788.jpg,
a5d449e56c83b29d.jpg,Train_188.jpg,
a63bb587c9394a49.jpg,Train_510.jpg,
a70dc3de3264e83a.jpg,Train_719.jpg,
a7c6c9213ef30e91.jpg,Train_1757.jpg,
a895956a4ab43ece.jpg,Train_344.jpg,
a8bdb5d25a2d803d.jpg,Train_627.jpg,
a8d4351a75f7c20b.jpg,Train_860.jpg,
a8e895e5aad453a5.jpg,Train_1581.jpg,Train_1613.jpg
a8ec6d9bc041b35e.jpg,Train_1437.jpg,
a8f260c397b796c2.jpg,Train_345.jpg,
a937a4fa4b6849d2.jpg,Train_139.jpg,
a9389eeb190fe905.jpg,Train_577.jpg,
a9498f9d9b24e2a5.jpg,Train_164.jpg,
a95b09826135deaf.jpg,Train_1720.jpg,
a979eae4acb4c498.jpg,Train_182.jpg,
a9ab8d40e4f7261e.jpg,Train_1594.jpg,
a9e4262e5db77482.jpg,Train_1234.jpg,
a9ed31c398d94b0d.jpg,Train_208.jpg,
a9f465ce356e5290.jpg,Train_1138.jpg,
aa142048eff78bf4.jpg,Train_1150.jpg,Train_1365.jpg
aa19152955afc1ed.jpg,Train_1766.jpg,
aa297ce5e46e851a.jpg,Train_1126.jpg,
aa2ab58fd21dc06b.jpg,Train_1069.jpg,
aa57ad93d405c05f.jpg,Train_666.jpg,
aa698db35c91724e.jpg,Train_1674.jpg,
aa7a2ef0e1e039e2.jpg,Train_724.jpg,
aa7dc0945e4eb5a4.jpg,Train_1655.jpg,
aa889b998ad1f8e6.jpg,Train_391.jpg,
aaa1ba727a0916e7.jpg,Train_347.jpg,
aaa840f5e80adef5.jpg,Train_767.jpg,
aaaf47abd1c2a846.jpg,Train_440.jpg,
aac0d5128ebaaeab.jpg,Train_1407.jpg,
aac0ecdcaca24ee6.jpg,Train_570.jpg,
aacedff0d881c189.jpg,Train_171.jpg,
aaf08594ded6ca86.jpg,Train_60.jpg,
aaf97284c1262dbe.jpg,Train_654.jpg,
aafac7c0582798d9.jpg,Train_1068.jpg,
ab42978fb9c2d425.jpg,Train_789.jpg,
ab83c05147c3cfe6.jpg,Train_759.jpg,Train_828.jpg
ab91d1a9d4b49a6c.jpg,Train_500.jpg,Train_647.jpg
abc397970c5a3c68.jpg,Train_93.jpg,
abd0a11daddd072a.jpg,Train_1105.jpg,
abf7d722c15502ca.jpg,Train_202.jpg,
ac5385d8d39d57a0.jpg,Train_408.jpg,
ac548d6b9530b6ec.jpg,Train_1609.jpg,
acd0254acb9679a7.jpg,Train_1679.jpg,
ace7c948b3f056a4.jpg,Train_1516.jpg,
ad0d994c5a7868fc.jpg,Train_632.jpg,
ad17c993cd30c61d.jpg,Train_1743.jpg,
ad48ce1e6ad670e4.jpg,Train_225.jpg,
ad4a85419ed578d5.jpg,Train_368.jpg,
ad5a31a3fa04dae4.jpg,Train_514.jpg,
ad65b56714849da5.jpg,Train_1266.jpg,
ada5969615809efa.jpg,Train_275.jpg,
adc7b441421d9c7e.jpg,Train_1677.jpg,
addf968386b438e0.jpg,Train_985.jpg,
adf48c874e4e3664.jpg,Train_1640.jpg,
ae2c85c646161f7b.jpg,Train_1624.jpg,
ae46959a9a497b29.jpg,Train_596.jpg,
ae792c8460b8e96f.jpg,Train_1749.jpg,
ae834fd220cc0d7f.jpg,Train_916.jpg,
ae8c83b6a64554e7.jpg,Train_183.jpg,
aed725c6c42b0e35.jpg,Train_825.jpg,
af012a859edf9a29.jpg,Train_1399.jpg,
af090bb538c371bc.jpg,Train_1490.jpg,
af1232bbf01a43b9.jpg,Train_240.jpg,
af15e4b85678fa40.jpg,Train_422.jpg,
af3295521a2b596d.jpg,Train_1093.jpg,
af3ba5649680caad.jpg,Train_327.jpg,
afa9c5cb2023f0f8.jpg,Train_259.jpg,
afb14d8bc808bb35.jpg,Train_441.jpg,
afd5749a875298a4.jpg,Train_1454.jpg,
aff094e272313ab1.jpg,Train_1189.jpg,
b086649bb6648f9b.jpg,Train_606.jpg,
b0ba9795e04b2763.jpg,Train_707.jpg,
b0e8e8da9fbb08e0.jpg,Train_511.jpg,
b1246d5b6163ea63.jpg,Train_1775.jpg,
b1a16ed8b59a8237.jpg,Train_1531.jpg,
b1f045999924adbe.jpg,Train_504.jpg,
b1f1c3272dce28b8.jpg,Train_588.jpg,
b20ca85e127dbe65.jpg,Train_1046.jpg,
b262e8a4d47b98e9.jpg,Train_1340.jpg,
b2cdc3929cd02f5c.jpg,Train_667.jpg,
b2ec0cf59931f033.jpg,Train_1603.jpg,
b30c3a9fa0270fe6.jpg,Train_288.jpg,
b30e2de495f9501b.jpg,Train_1078.jpg,
b36162a19e3ed81e.jpg,Train_244.jpg,
b3bff7c0215c9188.jpg,Train_590.jpg,
b40778dfe02ace32.jpg,Train_1351.jpg,
b46943de9b9033c9.jpg,Train_1206.jpg,
b4aaf01ac7498f35.jpg,Train_607.jpg,
b4b1f967c1158b91.jpg,Train_1319.jpg,
b4fc6a662c2617a5.jpg,Train_426.jpg,
b58af4a95588d52e.jpg,Train_535.jpg,
b5c54af87a14d370.jpg,Train_853.jpg,
b5cd78de740981d4.jpg,Train_481.jpg,
b666ee14293a25b3.jpg,Train_690.jpg,
b67f48c0de99682c.jpg,Train_3.jpg,
b6a596167d1a545a.jpg,Train_318.jpg,
b6ba9ab11bd29581.jpg,Train_884.jpg,
b6c6c2359e9b1499.jpg,Train_294.jpg,
b6ddc1619f82e132.jpg,Train_1220.jpg,
b712b81e5fca08cd.jpg,Train_1625.jpg,
b713d2f38525ac98.jpg,Train_585.jpg,
b724c1da0aea6b33.jpg,Train_945.jpg,
b76dc38da481b4a5.jpg,Train_1499.jpg,
b7d46cc1bd284b13.jpg,Train_610.jpg,
b80898e11f81ff1f.jpg,Train_608.jpg,
b8469f0dce1cc53a.jpg,Train_745.jpg,
b88a17fd98c2a50f.jpg,Train_539.jpg,
b8a24c1fe4398cf6.jpg,Train_1060.jpg,
b8f08391de9f9099.jpg,Train_1095.jpg,
b8f43d46059a16fa.jpg,Train_582.jpg,
b91b3191e2654ee6.jpg,Train_464.jpg,
b925eb3c260dcb52.jpg,Train_1485.jpg,
b940e6265f8b46ab.jpg,Train_187.jpg,
b962a0a79fa43696.jpg,Train_1725.jpg,
b96c37878ae206f1.jpg,Train_118.jpg,
b97d15fa0816e52a.jpg,Train_1571.jpg,
b9dd8aa81d2c3437.jpg,Train_1502.jpg,
b9fe98901d640df4.jpg,Train_1427.jpg,
ba02d47e8a6ac774.jpg,Train_1595.jpg,
ba02d79a8ad43dc6.jpg,Train_109.jpg,
ba06b0ea5d47aa4d.jpg,Train_350.jpg,
ba5c278629b5ccb1.jpg,Train_816.jpg,
ba647a90859479ee.jpg,Train_799.jpg,
ba91919fda5f00f0.jpg,Train_369.jpg,
baab9f82c8459b2c.jpg,Train_1551.jpg,
bab591920f7e6078.jpg,Train_1465.jpg,
bab5d2920798d665.jpg,Train_1122.jpg,
bacf4b8c6a3c3131.jpg,Train_286.jpg,
bad0c3be98246e4e.jpg,Train_1327.jpg,
bad6cdcbc493a064.jpg,Train_181.jpg,
bc10a5b4dc15f1ec.jpg,Train_1390.jpg,
bc3495f24a69176c.jpg,Train_1813.jpg,
bd1108df9c9bd80d.jpg,Train_848.jpg,
bd1fe378803ab462.jpg,Train_501.jpg,
bd218c94c9879f3a.jpg,Train_1511.jpg,
bd6ac98d3dc93205.jpg,Train_611.jpg,
bd7295320036eafc.jpg,Train_639.jpg,
bd8ac9ca616dc4b4.jpg,Train_1272.jpg,
bd96d1ffd20480c6.jpg,Train_131.jpg,
bd98c090ecf87c66.jpg,Train_447.jpg,
bd99c88ccce6944b.jpg,Train_1275.jpg,
bda896530a3d7855.jpg,Train_541.jpg,
bdf6c0c0d827e61a.jpg,Train_971.jpg,
be0996c056e03ef3.jpg,Train_950.jpg,
be156f411d2265d6.jpg,Train_334.jpg,
be556942de260aad.jpg,Train_10.jpg,
be7f0a76c0568a8a.jpg,Train_1570.jpg,
be8f3e87656426a0.jpg,Train_497.jpg,
be95968a6af92131.jpg,Train_1607.jpg,
bed0a9764b8d0d31.jpg,Train_402.jpg,
bed39e30619ca43a.jpg,Train_609.jpg,
bee850b2b649c4bc.jpg,Train_1098.jpg,
bef892789cf11e01.jpg,Train_301.jpg,
bf31e48d99690d68.jpg,Train_1668.jpg,
bf3d819ac0c3dd0c.jpg,Train_285.jpg,
bf47f73d3820c0a4.jpg,Train_50.jpg,
bf892e62a0a3b09f.jpg,Train_1475.jpg,
bfbd3ed18009c09b.jpg,Train_508.jpg,
bfeab92cc034c925.jpg,Train_615.jpg,
c02d627b97976551.jpg,Train_1434.jpg,
c03ad89827dea96e.jpg,Train_212.jpg,
c071bc99c732cd27.jpg,Train_1651.jpg,
c07879c8f138d771.jpg,Train_1578.jpg,
c07f6dd8974b52c0.jpg,Train_458.jpg,
c08e6ba535b436e6.jpg,Train_739.jpg,
c0d1ea407b6afd2a.jpg,Train_892.jpg,
c0dd7ac9944d62b5.jpg,Train_1446.jpg,
c143ecadac075277.jpg,Train_1599.jpg,
c1af2ae2e370c6e1.jpg,Train_1369.jpg,
c1d52d7afaea1a04.jpg,Train_852.jpg,
c22ec0e68ef6b616.jpg,Train_771.jpg,
c230109be4dd9f3b.jpg,Train_1096.jpg,
c2656b8b398a3727.jpg,Train_1134.jpg,
c28d7a2f91403fd9.jpg,Train_95.jpg,
c29422fa94e4d5f6.jpg,Train_1512.jpg,
c2af25a69c69cb0b.jpg,Train_1030.jpg,
c2c519d2a99ad4eb.jpg,Train_578.jpg,
c3343716d65a5a66.jpg,Train_938.jpg,
c340b56991c96bed.jpg,Train_1740.jpg,
c395a195e171b369.jpg,Train_1665.jpg,
c3961dbd0bf4c521.jpg,Train_998.jpg,
c3b5e1921d133c3b.jpg,Train_387.jpg,
c3bacd372c2312cb.jpg,Train_363.jpg,
c3cce30ea5c01ee7.jpg,Train_141.jpg,
c443f090f7c0afda.jpg,Train_428.jpg,
c444fec780ef181f.jpg,Train_1215.jpg,
c4c206aeb43bbad3.jpg,Train_121.jpg,
c4cc2d17b17e9670.jpg,Train_1404.jpg,
c4d29e975a83ab43.jpg,Train_1819.jpg,
c4d76968d8f09539.jpg,Train_1116.jpg,
c4dbc6c5aa6985d8.jpg,Train_1707.jpg,
c4e8843569247fcf.jpg,Train_744.jpg,
c51a77312e5634b6.jpg,Train_1815.jpg,
c5283b96c01b7ae7.jpg,Train_269.jpg,
c5339e87235c6ac5.jpg,Train_1142.jpg,
c5600c7f3d5b9a94.jpg,Train_25.jpg,
c56316977a3d7508.jpg,Train_1521.jpg,
c56943d8a983fa96.jpg,Train_1018.jpg,
c5b53783e209b68e.jpg,Train_770.jpg,
c5d171c182aaed3b.jpg,Train_949.jpg,
c5fd266a99322563.jpg,Train_1070.jpg,
c64c69f0bb8b146b.jpg,Train_1359.jpg,
c707995e62ccce70.jpg,Train_75.jpg,
c738d13e7146798c.jpg,Train_114.jpg,
c768c37c784934f4.jpg,Train_888.jpg,
c76a2525d688fab4.jpg,Train_1412.jpg,
c7b440dc95656f92.jpg,Train_1795.jpg,
c83d0eb3629d3965.jpg,Train_1370.jpg,
c870074767f6e871.jpg,Train_1057.jpg,
c88ef30df4f087c4.jpg,Train_1439.jpg,
c8e76ff01c38a24d.jpg,Train_636.jpg,
c8fc799d502b83d2.jpg,Train_507.jpg,
c9a5f941897eca1a.jpg,Train_1461.jpg,
c9e135cb7455b225.jpg,Train_695.jpg,
c9edb789f2329902.jpg,Train_697.jpg,
c9f437e4f9c96808.jpg,Train_840.jpg,
ca0e38bf3850fd43.jpg,Train_796.jpg,
ca121736cadbcb61.jpg,Train_1149.jpg,
ca923e8e816e87dc.jpg,Train_987.jpg,
cb3b2558dd5c54c2.jpg,Train_69.jpg,
cb407a8f38dd6368.jpg,Train_322.jpg,
cbab30da923c9ca5.jpg,Train_1081.jpg,
cbd63c87339a428d.jpg,Train_165.jpg,
cbd760086775e331.jpg,Train_584.jpg,
cc4cec299d92fc43.jpg,Train_564.jpg,
cc73e005cc36f31e.jpg,Train_341.jpg,Train_763.jpg
cccb15a3875c393a.jpg,Train_1772.jpg,
cd3f1c215f1b9318.jpg,Train_1108.jpg,
cd406ac787c6eab8.jpg,Train_930.jpg,
cd415a3d62dc74b1.jpg,Train_1658.jpg,
cd837156c3589d99.jpg,Train_78.jpg,
cd9dc8e19f180d0f.jpg,Train_1525.jpg,
cdce451ea2996e25.jpg,Train_982.jpg,
cdea8de2b1c1a135.jpg,Train_886.jpg,
ce0e617c24d3cd2b.jpg,Train_1148.jpg,
ce13fc4a586b8ce4.jpg,Train_122.jpg,
ce2e3f92af004a9b.jpg,Train_1453.jpg,
ce3838f3851ae58e.jpg,Train_722.jpg,
ce8a78d3354bb047.jpg,Train_1480.jpg,
cea2313e3753c5c2.jpg,Train_1292.jpg,
ceaf6d073c0bd700.jpg,Train_1191.jpg,
cf26309b627133d9.jpg,Train_1746.jpg,
cf3b0a673781d24c.jpg,Train_390.jpg,
cf497003f625df90.jpg,Train_1063.jpg,
cf60c076bd43ace8.jpg,Train_1084.jpg,
cf637d94e83a08d8.jpg,Train_925.jpg,
cf6a8b1689fe8c12.jpg,Train_480.jpg,
cf80bff4c60d047c.jpg,Train_1196.jpg,
cf853579724b4a4c.jpg,Train_1753.jpg,
cf9374cc7a0c6e0c.jpg,Train_1662.jpg,
cfda6aaa1129b1d1.jpg,Train_47.jpg,
cff880c358c2fb38.jpg,Train_1200.jpg,
cfff3fc16004c11c.jpg,Train_1378.jpg,
d02f7abc20d21b73.jpg,Train_1145.jpg,
d03fe072c99b26cc.jpg,Train_180.jpg,
d071ed67610585d7.jpg,Train_1561.jpg,
d08d7ce58fc818bc.jpg,Train_1641.jpg,
d08ec37ee1642376.jpg,Train_436.jpg,
d0b02a1ad0dd7b9e.jpg,Train_1798.jpg,
d0b734f1bcc1981d.jpg,Train_1780.jpg,
d0d8623faf1f030b.jpg,Train_1527.jpg,
d0dd3c34c2954d7a.jpg,Train_1112.jpg,
d14360c1903f7beb.jpg,Train_749.jpg,
d16d728f367d2444.jpg,Train_395.jpg,
d19b78619d800f5f.jpg,Train_962.jpg,
d1e42007e8d6da6f.jpg,Train_1233.jpg,
d218e10df92ee0f6.jpg,Train_1342.jpg,
d2972b4bc332d22d.jpg,Train_940.jpg,
d2a58497704bbf16.jpg,Train_1000.jpg,
d2cd93c936a145e9.jpg,Train_1684.jpg,
d30379dea594c5e0.jpg,Train_1767.jpg,
d31c3d79c02989f9.jpg,Train_523.jpg,
d3c96892b78e4674.jpg,Train_328.jpg,
d407669e43f03373.jpg,Train_226.jpg,
d41a7b0479631c7b.jpg,Train_399.jpg,
d4484e8d7bd8b34a.jpg,Train_245.jpg,
d44b7c4cb314523f.jpg,Train_89.jpg,
d46374d28e35724e.jpg,Train_1165.jpg,
d4d63e2584072b7e.jpg,Train_124.jpg,
d530de0420b6ef9d.jpg,Train_1299.jpg,
d54aadde341292b3.jpg,Train_205.jpg,
d5c3d92389864377.jpg,Train_760.jpg,
d60160cf9d37c63c.jpg,Train_236.jpg,
d61236da9659d538.jpg,Train_1596.jpg,
d6132306affe9870.jpg,Train_829.jpg,
d685dee1702cf1c1.jpg,Train_411.jpg,
d6901fddc8b78c06.jpg,Train_1229.jpg,
d6def363080d0c8f.jpg,Train_1712.jpg,
d6f23b1b99896161.jpg,Train_1418.jpg,
d783907d695c7548.jpg,Train_1104.jpg,
d8047c2b34d7a0df.jpg,Train_602.jpg,
d80e32d8e7698f68.jpg,Train_750.jpg,
d837d922d813e969.jpg,Train_571.jpg,
d83b2153d2755cd4.jpg,Train_1558.jpg,
d872934cc5953735.jpg,Train_1704.jpg,
d889e7af14505db8.jpg,Train_793.jpg,
d89c9cda9274322f.jpg,Train_1154.jpg,
d903386fdb02467b.jpg,Train_670.jpg,
d94b212dabe9af80.jpg,Train_321.jpg,
d97c18c4612e83fe.jpg,Train_1204.jpg,
d9a22d90d6cb9336.jpg,Train_1255.jpg,
d9a4e38184ce7c7c.jpg,Train_126.jpg,
d9e3cc33269f2708.jpg,Train_1402.jpg,
da04da3fca382778.jpg,Train_1041.jpg,
da069bf4cba26689.jpg,Train_1219.jpg,
da1e486ec62c969d.jpg,Train_1695.jpg,
daa64d9336ed6046.jpg,Train_14.jpg,
dae68ae2dc298639.jpg,Train_1260.jpg,
daf0fe310c0789f2.jpg,Train_1320.jpg,
db17f3e581a1aca0.jpg,Train_620.jpg,
db4232d6f13b4a0b.jpg,Train_435.jpg,
db6b29c0346ee0e6.jpg,Train_1373.jpg,
dbcc7444c92437d3.jpg,Train_465.jpg,
dbd5258e307060fb.jpg,Train_1387.jpg,
dbf3e0b226450a9d.jpg,Train_827.jpg,
dc3922cd9a3a4ad5.jpg,Train_515.jpg,
dc4edc25c882e55b.jpg,Train_1763.jpg,
dc6598c141d627be.jpg,Train_1169.jpg,
dc6b7a9d1596a025.jpg,Train_804.jpg,
dcc8216987b2cef4.jpg,Train_706.jpg,
dcd4fee92e816052.jpg,Train_495.jpg,
dd066bfc8155d381.jpg,Train_1177.jpg,
dd28c8d8bcf8a90b.jpg,Train_734.jpg,
dd3b0a638c787316.jpg,Train_57.jpg,
dd49395b9489663c.jpg,Train_543.jpg,
ddc40183fbf9360c.jpg,Train_483.jpg,
ddca6366873618cc.jpg,Train_1710.jpg,
de3ae0695d704599.jpg,Train_996.jpg,
de903a60f7c7c81c.jpg,Train_1547.jpg,
de9e08002cb77ff0.jpg,Train_1468.jpg,
ded76497102790e6.jpg,Train_1791.jpg,
deea3c5160586557.jpg,Train_1657.jpg,
def0c5838e2238f5.jpg,Train_1316.jpg,
dfa7c0c432f4e312.jpg,Train_1284.jpg,
dfc0328c3876e1f1.jpg,Train_129.jpg,
dfc2200d6998ef93.jpg,Train_944.jpg,
dfc73884e0e0bc17.jpg,Train_237.jpg,
dfc86b180e3ac8f8.jpg,Train_115.jpg,Train_1709.jpg
e00df890cfe62736.jpg,Train_148.jpg,
e043fca44e7617e1.jpg,Train_290.jpg,
e05cc0eacf5a8e78.jpg,Train_790.jpg,
e0ad2f2f1cf040f5.jpg,Train_687.jpg,
e0c0aad0efd08fe3.jpg,Train_1050.jpg,
e0c0c40b1bf9ffc4.jpg,Train_633.jpg,
e0fec0c0838bcf8f.jpg,Train_855.jpg,
e105734c73f1b932.jpg,Train_1413.jpg,
e11be7f110de8f80.jpg,Train_574.jpg,
e1bb50e39a942c7a.jpg,Train_1318.jpg,
e1e39f8809c7349d.jpg,Train_683.jpg,
e274cdb0294fc13d.jpg,Train_159.jpg,
e2e1d2a4285656bf.jpg,Train_145.jpg,
e303e31f1e7c3087.jpg,Train_928.jpg,
e3119307928fb375.jpg,Train_1577.jpg,
e36a9474ca943e8b.jpg,Train_693.jpg,
e3a30d1cfb988695.jpg,Train_634.jpg,
e4c8d2922df00f77.jpg,Train_469.jpg,
e5d5e302e56bc60c.jpg,Train_509.jpg,
e6d4af92143f1d24.jpg,Train_1125.jpg,
e6f260b7b415d434.jpg,Train_386.jpg,
e7c0af854e15b4a9.jpg,Train_58.jpg,
e80f787d0170e937.jpg,Train_1443.jpg,
e8210ddefc024fec.jpg,Train_931.jpg,Train_1678.jpg
e87f6a7584710473.jpg,Train_26.jpg,
e88f11b3c3439cad.jpg,Train_254.jpg,
e8e79fc25b834078.jpg,Train_485.jpg,
e8f99633003166fb.jpg,Train_15.jpg,
e90ba5c9332f31c3.jpg,Train_1028.jpg,
e90e1ac8b7e7aa50.jpg,Train_847.jpg,
e9329ccd838daec4.jpg,Train_157.jpg,
ea01f3d49b327952.jpg,Train_467.jpg,
ea15ea31b178648f.jpg,Train_836.jpg,
ea2a2c4cd82c6fd5.jpg,Train_874.jpg,
ea604dda987238ee.jpg,Train_1671.jpg,
ea94c3c189471fae.jpg,Train_1784.jpg,
eaa4c0c2cf438f2f.jpg,Train_1409.jpg,
eacb78cdb12d4a82.jpg,Train_104.jpg,
eaf1d8ab4554ca43.jpg,Train_1472.jpg,
eba3c12f62d41c33.jpg,Train_1509.jpg,
eba9a8c8572a5ea1.jpg,Train_1102.jpg,
ebb4c46b484a8f95.jpg,Train_371.jpg,
ebd46190c4abda6c.jpg,Train_542.jpg,
ecb1c412b0fd1dca.jpg,Train_1051.jpg,
ed108ed8003eaff6.jpg,Train_598.jpg,
edd481af59133a92.jpg,Train_484.jpg,
ee63508766fe62c0.jpg,Train_1785.jpg,
ef3cc084cfc33cc2.jpg,Train_1023.jpg,
ef6d8576095a5982.jpg,Train_1729.jpg,
ef7ed0257a8158a1.jpg,Train_38.jpg,
efd88db0c48a7474.jpg,Train_1019.jpg,
eff1831a12399157.jpg,Train_1540.jpg,
f0663128859b6f3e.jpg,Train_487.jpg,
f06d6b829f1568c9.jpg,Train_1644.jpg,
f075c21337eb5285.jpg,Train_1158.jpg,
f09554f026c55d4f.jpg,Train_35.jpg,
f0c1b0d5d58b9a1d.jpg,Train_362.jpg,
f0c8a0ccf9fda311.jpg,Train_1535.jpg,
f0dc2882bdb32ae5.jpg,Train_1515.jpg,
f0f0f4596caa9cd0.jpg,Train_1364.jpg,
f1139381aa27cdb6.jpg,Train_1400.jpg,
f14e904e976d916a.jpg,Train_672.jpg,
f1a4e1e483988f3e.jpg,Train_274.jpg,
f20aa5a5afa28a97.jpg,Train_714.jpg,
f21b4aad83604f4f.jpg,Train_1194.jpg,
f2e840c2639fa7d8.jpg,Train_784.jpg,
f3027828cc357c6f.jpg,Train_1576.jpg,
f3094e360dec54cd.jpg,Train_1280.jpg,
f4114b0efb7b84a4.jpg,Train_821.jpg,
f434f0441f871e9b.jpg,Train_580.jpg,
f49ac3b8c4b58972.jpg,Train_170.jpg,
f4c07f844bb448fc.jpg,Train_742.jpg,
f4f4305212969f9b.jpg,Train_1648.jpg,
f522d62e882c9d75.jpg,Train_461.jpg,
f55382893d6ce82d.jpg,Train_1379.jpg,
f56af18303f34e81.jpg,Train_1184.jpg,
f5a0c58d8edd2859.jpg,Train_340.jpg,
f5f5d5158a1a02f2.jpg,Train_418.jpg,
f601e6bc07f9406b.jpg,Train_702.jpg,
f64cee29902be721.jpg,Train_575.jpg,
f66b696596d48c82.jpg,Train_98.jpg,
f66d0b3979709283.jpg,Train_1771.jpg,
f69ace2962c2947c.jpg,Train_513.jpg,
f6eca029879b5e30.jpg,Train_1790.jpg,
f708e6c991e74b06.jpg,Train_1745.jpg,
f71c933a617c1153.jpg,Train_1566.jpg,
f728e036d729a0ad.jpg,Train_656.jpg,
f77ac00babf3012a.jpg,Train_299.jpg,
f7c3e10f0b3e380c.jpg,Train_1565.jpg,
f815179781aeb433.jpg,Train_766.jpg,
f820d495c7fcc5d0.jpg,Train_1118.jpg,
f83287b19437ba1a.jpg,Train_1554.jpg,
f833b14705f0f2d4.jpg,Train_533.jpg,
f8379922992aea6a.jpg,Train_867.jpg,
f88c838f5e6b1866.jpg,Train_479.jpg,
f88cda8c1ff40ec2.jpg,Train_410.jpg,
f891839e8f342e72.jpg,Train_62.jpg,
f8ac9c2bc19e70f0.jpg,Train_81.jpg,
f8f83c1d085de760.jpg,Train_814.jpg,
f8f8e9e49b850c43.jpg,Train_336.jpg,
f92d44f8ee98e224.jpg,Train_1129.jpg,
f9530fa2ec34a60d.jpg,Train_17.jpg,
f9c687289c7281f6.jpg,Train_1462.jpg,
f9f4e1282f285ce1.jpg,Train_1144.jpg,
fa3f80ea9c4b1a58.jpg,Train_522.jpg,
fa59a131c835d4b5.jpg,Train_512.jpg,
fa5e87569e989890.jpg,Train_1649.jpg,
fab5c8e30f0b7070.jpg,Train_1207.jpg,
facf81eb9403d826.jpg,Train_338.jpg,
faeec30c5d486c49.jpg,Train_1.jpg,
faf5d1410ac7171c.jpg,Train_384.jpg,
fb1144134cf61fac.jpg,Train_117.jpg,
fb9287c0b18aa5ec.jpg,Train_1111.jpg,
fc010fb0711515ff.jpg,Train_843.jpg,
fc30e4c90bd4919f.jpg,Train_1344.jpg,
fc62903725d863ce.jpg,Train_1451.jpg,
fc8580e85eecb938.jpg,Train_241.jpg,
fca0239fadaad051.jpg,Train_357.jpg,
fcd5c081c48fbde0.jpg,Train_120.jpg,
fce8963918c1629f.jpg,Train_1737.jpg,
fd1ad278b64a34c8.jpg,Train_1163.jpg,
fd27bade43308f00.jpg,Train_1755.jpg,
fd788144c793d4ca.jpg,Train_1040.jpg,
fd9fd07f0040d29c.jpg,Train_82.jpg,
fde2cb07ca0fe410.jpg,Train_712.jpg,
fe0883b0bb75a0cd.jpg,Train_1048.jpg,
fe5cd40c8a00deaf.jpg,Train_1322.jpg,
fe62e23f02180bbe.jpg,Train_413.jpg,
fea13d9cc0920eb3.jpg,Train_1310.jpg,
feb0b0208b5f89ae.jpg,Train_30.jpg,
feb4c15ec94a9544.jpg,Train_1268.jpg,
feb6950122e852dd.jpg,Train_778.jpg,
febcf402821ac13f.jpg,Train_184.jpg,
fefc858a1e1f0849.jpg,Train_1592.jpg,
ff3ae03f80710f60.jpg,Train_482.jpg,
ff76e0956021fa50.jpg,Train_1376.jpg,
ff80007f94bf9c50.jpg,Train_1300.jpg,
ffb7de908858884a.jpg,Train_1253.jpg,
ffc6c00f0f247cd0.jpg,Train_1718.jpg,
ffdc70c492370f02.jpg,Train_113.jpg,
ffe0b5a25b54ea00.jpg,Train_468.jpg,
fffc94e092a59086.jpg,Train_1113.jpg,
Train_162.jpg,Train_356.jpg,
Train_174.jpg,Train_1817.jpg,
Train_332.jpg,Train_1336.jpg,
Train_379.jpg,Train_1173.jpg,
Train_417.jpg,Train_1675.jpg,
Train_438.jpg,Train_1392.jpg,
Train_591.jpg,Train_1731.jpg,
Train_592.jpg,Train_782.jpg,
Train_616.jpg,Train_966.jpg,
Train_665.jpg,Train_694.jpg,
Train_815.jpg,Train_1661.jpg,
Train_909.jpg,Train_914.jpg,
Train_921.jpg,Train_1634.jpg,
Train_1115.jpg,Train_1683.jpg,
Train_1587.jpg,Train_1593.jpg,
